status,symbol,side,signal_datetime,entry_price,tp_percent,sl_percent,tp_price,sl_price,hours_window,entry_hit,result,pnl,pnl_percent,exit_time,bars_in_trade,has_csv_tpsl,signal_index,position_size,exit_price,balance_after_trade
completed,AIAUSDT,long,2025-10-21 17:30:00,1.3858,2.0,5.0,1.413516,1.3165099999999998,8.0,False,no_entry,0.0,0.0,,0.0,False,0,12.195121951219512,,
completed,BANUSDT,long,2025-10-21 17:30:00,0.07043,2.0,5.0,0.0718386,0.06690850000000001,8.0,True,win,0.24390243902438954,1.9999999999999942,2025-10-21 19:06:00,55.0,False,1,12.195121951219512,0.0718386,1000.2439024390244
completed,TRUUSDT,short,2025-10-21 17:30:00,0.01981,2.0,5.0,0.019413800000000002,0.020800500000000003,8.0,True,win,0.24390243902438982,1.9999999999999967,2025-10-21 22:28:00,299.0,False,2,12.195121951219512,0.019413800000000002,1000.4878048780488
completed,LIGHTUSDT,long,2025-10-21 17:30:00,2.1674,2.0,5.0,2.210748,2.05903,8.0,True,loss,-0.6097560975609773,-5.000000000000013,2025-10-21 17:31:00,2.0,False,3,12.195121951219512,2.05903,999.8780487804878
completed,NOMUSDT,long,2025-10-21 17:30:00,0.02188,2.0,5.0,0.0223176,0.020786,8.0,True,expired,-0.1616355183052572,-1.325411250103109,2025-10-22 01:00:00,39.0,False,4,12.195121951219512,0.02159000001847744,999.7164132621825
completed,IDOLUSDT,long,2025-10-21 17:30:00,0.03196,2.0,5.0,0.0325992,0.030362,8.0,True,win,0.24390243902439004,1.9999999999999982,2025-10-21 18:50:00,81.0,False,5,12.195121951219512,0.0325992,999.9603157012069
completed,FFUSDT,long,2025-10-21 17:30:00,0.14708,2.0,5.0,0.15002159999999998,0.139726,8.0,False,no_entry,0.0,0.0,,0.0,False,6,12.195121951219512,,
completed,BTRUSDT,long,2025-10-21 21:30:00,0.08151,2.0,5.0,0.0831402,0.07743449999999999,8.0,True,loss,-0.6097560975609772,-5.000000000000012,2025-10-21 21:31:00,2.0,False,7,12.195121951219512,0.07743449999999999,999.3505596036459
completed,ZORAUSDT,long,2025-10-21 21:30:00,0.10983,2.0,5.0,0.1120266,0.10433849999999999,8.0,True,loss,-0.6097560975609767,-5.000000000000009,2025-10-21 21:31:00,2.0,False,8,12.195121951219512,0.10433849999999999,998.740803506085
completed,ARCUSDT,long,2025-10-21 21:30:00,0.01413,2.0,5.0,0.014412600000000001,0.0134235,8.0,True,loss,-0.609756097560976,-5.0000000000000036,2025-10-21 21:32:00,3.0,False,9,12.195121951219512,0.0134235,998.131047408524
completed,UBUSDT,long,2025-10-21 21:30:00,0.041542,2.0,5.0,0.04237284,0.0394649,8.0,True,loss,-0.6097560975609772,-5.000000000000012,2025-10-22 04:06:00,3.0,False,10,12.195121951219512,0.0394649,997.521291310963
completed,IDOLUSDT,long,2025-10-22 01:30:00,0.033,2.0,5.0,0.03366,0.03135,8.0,True,loss,-0.6097560975609752,-4.9999999999999964,2025-10-22 01:31:00,2.0,False,11,12.195121951219512,0.03135,996.911535213402
completed,PARTIUSDT,long,2025-10-22 01:30:00,0.0884,2.0,5.0,0.09016800000000001,0.08398,8.0,True,loss,-0.6097560975609766,-5.000000000000008,2025-10-22 01:31:00,2.0,False,12,12.195121951219512,0.08398,996.301779115841
completed,FFUSDT,long,2025-10-22 01:30:00,0.16046,2.0,5.0,0.1636692,0.152437,8.0,True,win,0.2439024390243899,1.9999999999999973,2025-10-22 03:02:00,93.0,False,13,12.195121951219512,0.1636692,996.5456815548654
completed,TRUTHUSDT,long,2025-10-22 01:30:00,0.015656,2.0,5.0,0.01596912,0.0148732,8.0,True,loss,-0.6097560975609757,-5.000000000000001,2025-10-22 01:32:00,3.0,False,14,12.195121951219512,0.0148732,995.9359254573044
completed,AIOTUSDT,long,2025-10-22 01:30:00,0.5358,2.0,5.0,0.5465160000000001,0.5090100000000001,8.0,True,loss,-0.6097560975609752,-4.9999999999999964,2025-10-22 01:31:00,2.0,False,15,12.195121951219512,0.5090100000000001,995.3261693597434
completed,NOMUSDT,long,2025-10-22 01:30:00,0.02291,2.0,5.0,0.0233682,0.0217645,8.0,True,loss,-0.6097560975609759,-5.000000000000003,2025-10-22 01:31:00,2.0,False,16,12.195121951219512,0.0217645,994.7164132621824
completed,USELESSUSDT,long,2025-10-22 01:30:00,0.3445,2.0,5.0,0.35139,0.327275,8.0,True,loss,-0.6097560975609753,-4.999999999999997,2025-10-22 01:31:00,2.0,False,17,12.195121951219512,0.327275,994.1066571646214
completed,SOONUSDT,short,2025-10-22 01:30:00,0.6799,2.0,5.0,0.666302,0.713895,8.0,True,loss,-0.6097560975609757,-5.0,2025-10-22 01:31:00,2.0,False,18,12.195121951219512,0.713895,993.4969010670604
completed,AVNTUSDT,long,2025-10-22 01:30:00,0.6642,2.0,5.0,0.677484,0.6309899999999999,8.0,True,loss,-0.6097560975609769,-5.000000000000011,2025-10-22 01:31:00,2.0,False,19,12.195121951219512,0.6309899999999999,992.8871449694994
completed,JELLYJELLYUSDT,long,2025-10-22 01:30:00,0.08158,2.0,5.0,0.0832116,0.077501,8.0,True,loss,-0.6097560975609755,-4.999999999999999,2025-10-22 07:51:00,382.0,False,20,12.195121951219512,0.077501,992.2773888719385
completed,BANUSDT,long,2025-10-22 01:30:00,0.07155,2.0,5.0,0.072981,0.0679725,8.0,True,expired,-0.39712992528996166,-3.2564653873776854,2025-10-22 09:00:00,451.0,False,21,12.195121951219512,0.06921999901533127,991.8802589466485
completed,AIAUSDT,long,2025-10-22 01:30:00,3.1994,2.0,5.0,3.263388,3.03943,8.0,True,loss,-0.6097560975609755,-4.999999999999999,2025-10-22 01:31:00,2.0,False,22,12.195121951219512,3.03943,991.2705028490875
completed,EVAAUSDT,long,2025-10-22 01:30:00,4.745,2.0,5.0,4.8399,4.50775,8.0,False,no_entry,0.0,0.0,,0.0,False,23,12.195121951219512,,
completed,LIGHTUSDT,long,2025-10-22 01:30:00,1.7298,2.0,5.0,1.764396,1.6433099999999998,8.0,True,loss,-0.6097560975609768,-5.00000000000001,2025-10-22 01:41:00,12.0,False,24,12.195121951219512,1.6433099999999998,990.6607467515265
completed,DOLOUSDT,long,2025-10-22 05:30:00,0.08019,2.0,5.0,0.0817938,0.0761805,8.0,True,expired,0.08516411587561852,0.6983457501800718,2025-10-22 13:00:00,451.0,False,25,12.195121951219512,0.0807500034570694,990.7459108674021
completed,XPINUSDT,long,2025-10-22 05:30:00,0.004454,2.0,5.0,0.00454308,0.0042312999999999995,8.0,False,no_entry,0.0,0.0,,0.0,False,26,12.195121951219512,,
completed,BTRUSDT,long,2025-10-22 05:30:00,0.07797,2.0,5.0,0.0795294,0.0740715,8.0,True,loss,-0.6097560975609755,-4.999999999999999,2025-10-22 05:31:00,2.0,False,27,12.195121951219512,0.0740715,990.1361547698411
completed,SPXUSDT,long,2025-10-22 05:30:00,0.9888,2.0,5.0,1.0085760000000001,0.93936,8.0,True,loss,-0.609756097560976,-5.0000000000000036,2025-10-22 11:03:00,334.0,False,28,12.195121951219512,0.93936,989.5263986722802
completed,PROVEUSDT,long,2025-10-22 05:30:00,0.8143,2.0,5.0,0.830586,0.773585,8.0,True,loss,-0.6097560975609764,-5.000000000000006,2025-10-22 11:03:00,334.0,False,29,12.195121951219512,0.773585,988.9166425747192
completed,ZEREBROUSDT,short,2025-10-22 05:30:00,0.0306,2.0,5.0,0.029987999999999997,0.03213,8.0,True,expired,-0.23114934347471414,-1.895424616492656,2025-10-22 13:00:00,451.0,False,30,12.195121951219512,0.03117999993264675,988.6854932312444
completed,MOODENGUSDT,long,2025-10-22 05:30:00,0.11052,2.0,5.0,0.1127304,0.10499399999999999,8.0,True,expired,-0.11255016301269853,-0.922911336704128,2025-10-22 13:00:00,451.0,False,31,12.195121951219512,0.10949999839067459,988.5729430682318
no_data,BONKUSDT,,2025-10-22 05:30:00,,,,,,,,,,,,,False,32,12.195121951219512,,
completed,UBUSDT,long,2025-10-22 05:30:00,0.047031,2.0,5.0,0.047971620000000006,0.04467945,8.0,True,loss,-0.6097560975609758,-5.000000000000002,2025-10-22 05:31:00,2.0,False,33,12.195121951219512,0.04467945,987.9631869706708
completed,MYXUSDT,long,2025-10-22 05:30:00,2.952,2.0,5.0,3.01104,2.8044,8.0,True,loss,-0.6097560975609764,-5.000000000000006,2025-10-22 07:48:00,139.0,False,34,12.195121951219512,2.8044,987.3534308731098
completed,STBLUSDT,long,2025-10-22 05:30:00,0.11522,2.0,5.0,0.1175244,0.109459,8.0,True,loss,-0.6097560975609758,-5.000000000000002,2025-10-22 05:31:00,2.0,False,35,12.195121951219512,0.109459,986.7436747755488
completed,PARTIUSDT,short,2025-10-22 13:30:00,0.0822,2.0,5.0,0.08055599999999999,0.08631,8.0,True,win,0.24390243902439124,2.000000000000008,2025-10-22 20:53:00,444.0,False,36,12.195121951219512,0.08055599999999999,986.9875772145732
completed,AIXBTUSDT,short,2025-10-22 13:30:00,0.05555,2.0,5.0,0.054439,0.058327500000000004,8.0,True,win,0.24390243902439043,2.0000000000000013,2025-10-22 14:23:00,45.0,False,37,12.195121951219512,0.054439,987.2314796535976
completed,NOMUSDT,short,2025-10-22 13:30:00,0.02061,2.0,5.0,0.0201978,0.0216405,8.0,True,win,0.2439024390243911,2.000000000000007,2025-10-22 18:41:00,305.0,False,38,12.195121951219512,0.0201978,987.475382092622
completed,MOODENGUSDT,short,2025-10-22 13:30:00,0.10953,2.0,5.0,0.1073394,0.11500650000000001,8.0,True,win,0.24390243902439035,2.000000000000001,2025-10-22 18:16:00,287.0,False,39,12.195121951219512,0.1073394,987.7192845316464
completed,XPINUSDT,long,2025-10-22 13:30:00,0.005397,2.0,5.0,0.00550494,0.00512715,8.0,True,loss,-0.6097560975609764,-5.000000000000006,2025-10-22 13:31:00,2.0,False,40,12.195121951219512,0.00512715,987.1095284340854
completed,HANAUSDT,long,2025-10-22 13:30:00,0.06815,2.0,5.0,0.069513,0.0647425,8.0,True,loss,-0.609756097560977,-5.0000000000000115,2025-10-22 13:31:00,2.0,False,41,12.195121951219512,0.0647425,986.4997723365244
completed,PENGUUSDT,short,2025-10-22 13:30:00,0.021108,2.0,5.0,0.020685839999999997,0.0221634,8.0,True,win,0.24390243902439102,2.000000000000006,2025-10-22 14:24:00,27.0,False,42,12.195121951219512,0.020685839999999997,986.7436747755488
completed,IDOLUSDT,long,2025-10-22 13:30:00,0.03251,2.0,5.0,0.0331602,0.030884499999999995,8.0,False,no_entry,0.0,0.0,,0.0,False,43,12.195121951219512,,
completed,EVAAUSDT,long,2025-10-23 01:30:00,8.3899,2.0,5.0,8.557698,7.970405,8.0,True,loss,-0.6097560975609762,-5.000000000000004,2025-10-23 02:05:00,36.0,False,44,12.195121951219512,7.970405,986.1339186779878
completed,PROVEUSDT,short,2025-10-23 01:30:00,0.7705,2.0,5.0,0.7550899999999999,0.809025,8.0,True,loss,-0.6097560975609762,-5.000000000000004,2025-10-23 04:16:00,167.0,False,45,12.195121951219512,0.809025,985.5241625804268
completed,HANAUSDT,short,2025-10-23 01:30:00,0.04664,2.0,5.0,0.0457072,0.048972,8.0,True,loss,-0.6097560975609758,-5.000000000000002,2025-10-23 01:31:00,2.0,False,46,12.195121951219512,0.048972,984.9144064828658
completed,AIXBTUSDT,short,2025-10-23 01:30:00,0.05317,2.0,5.0,0.0521066,0.0558285,8.0,True,expired,-0.16284596217489153,-1.3353368898341105,2025-10-23 09:00:00,257.0,False,47,12.195121951219512,0.0538799986243248,984.751560520691
completed,AVNTUSDT,long,2025-10-23 01:30:00,0.6309,2.0,5.0,0.643518,0.599355,8.0,True,win,0.2439024390243906,2.0000000000000027,2025-10-23 06:17:00,142.0,False,48,12.195121951219512,0.643518,984.9954629597154
completed,MOODENGUSDT,short,2025-10-23 01:30:00,0.10787,2.0,5.0,0.10571259999999999,0.1132635,8.0,True,expired,-0.2622846221576235,-2.1507339016925124,2025-10-23 09:00:00,358.0,False,49,12.195121951219512,0.1101899966597557,984.7331783375578
completed,ARCUSDT,short,2025-10-23 01:30:00,0.0123,2.0,5.0,0.012054,0.012915000000000001,8.0,True,expired,-0.0793180684591364,-0.6504081613649184,2025-10-23 09:00:00,388.0,False,50,12.195121951219512,0.012380000203847885,984.6538602690987
completed,TRUTHUSDT,long,2025-10-23 05:30:00,0.016538,2.0,5.0,0.01686876,0.0157111,8.0,True,win,0.2439024390243898,1.9999999999999962,2025-10-23 06:16:00,45.0,False,51,12.195121951219512,0.01686876,984.8977627081231
completed,FARTCOINUSDT,short,2025-10-23 05:30:00,0.3287,2.0,5.0,0.32212599999999997,0.345135,8.0,True,expired,-0.41924223201075544,-3.4377863024881945,2025-10-23 13:00:00,450.0,False,52,12.195121951219512,0.3400000035762787,984.4785204761123
completed,DOLOUSDT,short,2025-10-23 05:30:00,0.07778,2.0,5.0,0.0762244,0.081669,8.0,True,expired,-0.21480202517115193,-1.7613766064034457,2025-10-23 13:00:00,451.0,False,53,12.195121951219512,0.0791499987244606,984.2637184509412
completed,XPINUSDT,long,2025-10-23 05:30:00,0.004993,2.0,5.0,0.00509286,0.0047433499999999995,8.0,False,no_entry,0.0,0.0,,0.0,False,54,12.195121951219512,,
completed,IDOLUSDT,long,2025-10-23 05:30:00,0.03841,2.0,5.0,0.0391782,0.0364895,8.0,True,win,0.2439024390243914,2.0000000000000093,2025-10-23 07:50:00,133.0,False,55,12.195121951219512,0.0391782,984.5076208899656
completed,POPCATUSDT,short,2025-10-23 05:30:00,0.1425,2.0,5.0,0.13965,0.14962499999999998,8.0,True,expired,-0.4193416047820599,-3.438601159212891,2025-10-23 13:00:00,451.0,False,56,12.195121951219512,0.14740000665187836,984.0882792851835
completed,ARIAUSDT,long,2025-10-23 05:30:00,0.17548,2.0,5.0,0.1789896,0.166706,8.0,True,loss,-0.6097560975609759,-5.000000000000003,2025-10-23 08:32:00,183.0,False,57,12.195121951219512,0.166706,983.4785231876225
completed,PENGUUSDT,short,2025-10-23 05:30:00,0.01993,2.0,5.0,0.0195314,0.0209265,8.0,True,expired,-0.14930330071452735,-1.2242870658591243,2025-10-23 13:00:00,450.0,False,58,12.195121951219512,0.020174000412225723,983.3292198869079
completed,XPLUSDT,short,2025-10-23 05:30:00,0.3429,2.0,5.0,0.33604199999999995,0.360045,8.0,True,expired,-0.38765475109088926,-3.178768958945292,2025-10-23 13:00:00,445.0,False,59,12.195121951219512,0.3537999987602234,982.9415651358171
completed,GOATUSDT,short,2025-10-23 05:30:00,0.05002,2.0,5.0,0.0490196,0.052521000000000005,8.0,True,expired,-0.2657472177613503,-2.1791271856430727,2025-10-23 13:00:00,451.0,False,60,12.195121951219512,0.05110999941825867,982.6758179180557
completed,UBUSDT,long,2025-10-23 05:30:00,0.050165,2.0,5.0,0.0511683,0.04765675,8.0,True,loss,-0.6097560975609765,-5.000000000000007,2025-10-23 05:31:00,2.0,False,61,12.195121951219512,0.04765675,982.0660618204947
completed,SPXUSDT,short,2025-10-23 05:30:00,0.8936,2.0,5.0,0.875728,0.93828,8.0,True,loss,-0.6097560975609764,-5.000000000000006,2025-10-23 06:15:00,46.0,False,62,12.195121951219512,0.93828,981.4563057229337
no_data,BONKUSDT,,2025-10-23 05:30:00,,,,,,,,,,,,,False,63,12.195121951219512,,
completed,HANAUSDT,short,2025-10-23 09:30:00,0.05024,2.0,5.0,0.0492352,0.052752,8.0,True,loss,-0.6097560975609757,-5.000000000000001,2025-10-23 09:31:00,2.0,False,64,12.195121951219512,0.052752,980.8465496253727
completed,EVAAUSDT,long,2025-10-23 09:30:00,7.9022,2.0,5.0,8.060243999999999,7.507089999999999,8.0,True,loss,-0.6097560975609767,-5.000000000000009,2025-10-23 09:31:00,2.0,False,65,12.195121951219512,7.507089999999999,980.2367935278118
completed,MOODENGUSDT,short,2025-10-23 09:30:00,0.10775,2.0,5.0,0.105595,0.1131375,8.0,True,expired,-0.3202984891745443,-2.626447611231263,2025-10-23 17:00:00,451.0,False,66,12.195121951219512,0.11057999730110168,979.9164950386372
completed,FFUSDT,short,2025-10-23 09:30:00,0.13538,2.0,5.0,0.1326724,0.142149,8.0,True,loss,-0.6097560975609754,-4.999999999999998,2025-10-23 09:31:00,2.0,False,67,12.195121951219512,0.142149,979.3067389410762
completed,PROVEUSDT,short,2025-10-23 09:30:00,0.7988,2.0,5.0,0.782824,0.83874,8.0,True,loss,-0.609756097560977,-5.0000000000000115,2025-10-23 11:56:00,147.0,False,68,12.195121951219512,0.83874,978.6969828435152
completed,BTRUSDT,short,2025-10-23 09:30:00,0.06919,2.0,5.0,0.0678062,0.0726495,8.0,True,loss,-0.6097560975609764,-5.000000000000006,2025-10-23 09:31:00,2.0,False,69,12.195121951219512,0.0726495,978.0872267459542
completed,ARCUSDT,short,2025-10-23 09:30:00,0.01232,2.0,5.0,0.012073599999999999,0.012936,8.0,True,loss,-0.6097560975609759,-5.000000000000003,2025-10-23 13:31:00,238.0,False,70,12.195121951219512,0.012936,977.4774706483933
completed,COAIUSDT,long,2025-10-23 09:30:00,14.068,2.0,5.0,14.349359999999999,13.3646,8.0,False,no_entry,0.0,0.0,,0.0,False,71,12.195121951219512,,
completed,ARIAUSDT,long,2025-10-23 13:30:00,0.17329,2.0,5.0,0.1767558,0.16462549999999998,8.0,True,win,0.24390243902438963,1.999999999999995,2025-10-23 14:10:00,41.0,False,72,12.195121951219512,0.1767558,977.7213730874176
completed,TRUTHUSDT,long,2025-10-23 13:30:00,0.016718,2.0,5.0,0.01705236,0.0158821,8.0,True,loss,-0.6097560975609759,-5.000000000000003,2025-10-23 13:31:00,2.0,False,73,12.195121951219512,0.0158821,977.1116169898567
completed,RIVERUSDT,long,2025-10-23 13:30:00,8.813,2.0,5.0,8.989260000000002,8.37235,8.0,True,win,0.24390243902439157,2.0000000000000107,2025-10-23 13:51:00,22.0,False,74,12.195121951219512,8.989260000000002,977.355519428881
completed,XPINUSDT,long,2025-10-23 13:30:00,0.007865,2.0,5.0,0.008022300000000001,0.00747175,8.0,True,loss,-0.6097560975609762,-5.000000000000004,2025-10-23 17:02:00,3.0,False,75,12.195121951219512,0.00747175,976.7457633313201
completed,IDOLUSDT,long,2025-10-23 13:30:00,0.03889,2.0,5.0,0.0396678,0.0369455,8.0,True,expired,-0.18501209442197267,-1.517099174260176,2025-10-23 21:00:00,451.0,False,76,12.195121951219512,0.03830000013113022,976.5607512368981
completed,PENGUUSDT,short,2025-10-23 13:30:00,0.020476,2.0,5.0,0.02006648,0.021499800000000003,8.0,True,win,0.24390243902439027,2.0,2025-10-23 20:58:00,349.0,False,77,12.195121951219512,0.02006648,976.8046536759225
completed,HANAUSDT,short,2025-10-23 17:30:00,0.05382,2.0,5.0,0.0527436,0.056511,8.0,True,win,0.24390243902438982,1.9999999999999967,2025-10-23 18:41:00,72.0,False,78,12.195121951219512,0.0527436,977.0485561149469
completed,COAIUSDT,long,2025-10-23 17:30:00,16.805,2.0,5.0,17.1411,15.964749999999999,8.0,True,loss,-0.6097560975609764,-5.000000000000006,2025-10-23 17:59:00,21.0,False,79,12.195121951219512,15.964749999999999,976.4388000173859
completed,FFUSDT,short,2025-10-23 17:30:00,0.15107,2.0,5.0,0.1480486,0.15862350000000003,8.0,True,expired,-0.12593106624241415,-1.032634743187796,2025-10-24 01:00:00,451.0,False,80,12.195121951219512,0.1526300013065338,976.3128689511435
completed,AVNTUSDT,long,2025-10-23 17:30:00,0.6591,2.0,5.0,0.672282,0.626145,8.0,True,win,0.2439024390243907,2.000000000000004,2025-10-24 00:16:00,407.0,False,81,12.195121951219512,0.672282,976.5567713901679
completed,TAGUSDT,long,2025-10-23 17:30:00,0.000402,2.0,5.0,0.00041004,0.0003819,8.0,False,no_entry,0.0,0.0,,0.0,False,82,12.195121951219512,,
completed,ARCUSDT,short,2025-10-23 17:30:00,0.01235,2.0,5.0,0.012103,0.0129675,8.0,True,loss,-0.6097560975609757,-5.0,2025-10-23 17:31:00,2.0,False,83,12.195121951219512,0.0129675,975.9470152926069
completed,NAORISUSDT,long,2025-10-23 21:30:00,0.04855,2.0,5.0,0.049521,0.046122500000000004,8.0,True,expired,0.14317688450038638,1.1740504529031681,2025-10-24 05:00:00,451.0,False,84,12.195121951219512,0.04912000149488449,976.0901921771073
completed,IDOLUSDT,long,2025-10-23 21:30:00,0.03848,2.0,5.0,0.0392496,0.036556,8.0,True,expired,-0.12042984924804352,-0.9875247638339569,2025-10-24 05:00:00,451.0,False,85,12.195121951219512,0.038100000470876694,975.9697623278593
completed,AIAUSDT,short,2025-10-23 21:30:00,1.317,2.0,5.0,1.29066,1.38285,8.0,True,win,0.2439024390243906,2.0000000000000027,2025-10-23 22:44:00,53.0,False,86,12.195121951219512,1.29066,976.2136647668837
completed,XPINUSDT,long,2025-10-23 21:30:00,0.010118,2.0,5.0,0.01032036,0.0096121,8.0,True,loss,-0.6097560975609757,-5.000000000000001,2025-10-23 21:31:00,2.0,False,87,12.195121951219512,0.0096121,975.6039086693227
completed,UBUSDT,long,2025-10-23 21:30:00,0.047973,2.0,5.0,0.048932460000000004,0.04557435,8.0,False,no_entry,0.0,0.0,,0.0,False,88,12.195121951219512,,
completed,AIOTUSDT,long,2025-10-23 21:30:00,0.4887,2.0,5.0,0.49847400000000003,0.464265,8.0,True,win,0.24390243902439035,2.000000000000001,2025-10-24 00:05:00,156.0,False,89,12.195121951219512,0.49847400000000003,975.8478111083471
completed,RIVERUSDT,long,2025-10-23 21:30:00,8.451,2.0,5.0,8.62002,8.02845,8.0,False,no_entry,0.0,0.0,,0.0,False,90,12.195121951219512,,
completed,ARIAUSDT,long,2025-10-24 01:30:00,0.17937,2.0,5.0,0.1829574,0.17040149999999998,8.0,True,expired,-0.5439091259013253,-4.460054832390868,2025-10-24 09:00:00,451.0,False,91,12.195121951219512,0.1713699996471405,975.3039019824457
completed,JELLYJELLYUSDT,long,2025-10-24 01:30:00,0.08166,2.0,5.0,0.0832932,0.077577,8.0,True,expired,-0.47191468751988114,-3.8697004376630253,2025-10-24 09:00:00,451.0,False,92,12.195121951219512,0.07850000262260437,974.8319872949259
completed,COAIUSDT,long,2025-10-24 01:30:00,16.357,2.0,5.0,16.68414,15.53915,8.0,True,loss,-0.6097560975609757,-5.0,2025-10-24 01:31:00,2.0,False,93,12.195121951219512,15.53915,974.2222311973649
completed,AVNTUSDT,long,2025-10-24 01:30:00,0.6447,2.0,5.0,0.657594,0.612465,8.0,False,no_entry,0.0,0.0,,0.0,False,94,12.195121951219512,,
completed,TAGUSDT,long,2025-10-24 01:30:00,0.000433,2.0,5.0,0.00044166,0.00041135,8.0,True,win,0.24390243902439068,2.0000000000000036,2025-10-24 05:07:00,218.0,False,95,12.195121951219512,0.00044166,974.4661336363893
completed,PIPPINUSDT,long,2025-10-24 01:30:00,0.02128,2.0,5.0,0.021705600000000002,0.020215999999999998,8.0,True,win,0.24390243902439118,2.0000000000000075,2025-10-24 02:31:00,19.0,False,96,12.195121951219512,0.021705600000000002,974.7100360754137
completed,TAUSDT,long,2025-10-24 01:30:00,0.0516,2.0,5.0,0.052632,0.04902,8.0,True,win,0.24390243902438982,1.9999999999999967,2025-10-24 06:47:00,87.0,False,97,12.195121951219512,0.052632,974.953938514438
completed,DOLOUSDT,long,2025-10-24 05:30:00,0.08593,2.0,5.0,0.08764860000000001,0.0816335,8.0,True,expired,-0.18591438126257628,-1.5244979263531255,2025-10-24 13:00:00,412.0,False,98,12.195121951219512,0.08461999893188477,974.7680241331755
completed,LIGHTUSDT,long,2025-10-24 05:30:00,2.3002,2.0,5.0,2.3462039999999997,2.1851899999999995,8.0,True,win,0.2439024390243899,1.9999999999999973,2025-10-24 06:26:00,52.0,False,99,12.195121951219512,2.3462039999999997,975.0119265721999
completed,ARCUSDT,long,2025-10-24 05:30:00,0.01354,2.0,5.0,0.0138108,0.012863,8.0,True,loss,-0.609756097560976,-5.0000000000000036,2025-10-24 09:06:00,217.0,False,100,12.195121951219512,0.012863,974.4021704746389
completed,UBUSDT,long,2025-10-24 05:30:00,0.060344,2.0,5.0,0.06155088,0.0573268,8.0,True,loss,-0.6097560975609765,-5.000000000000007,2025-10-24 05:31:00,2.0,False,101,12.195121951219512,0.0573268,973.7924143770779
completed,RIVERUSDT,long,2025-10-24 05:30:00,9.726,2.0,5.0,9.920520000000002,9.239700000000001,8.0,True,win,0.2439024390243911,2.000000000000007,2025-10-24 06:22:00,7.0,False,102,12.195121951219512,9.920520000000002,974.0363168161023
completed,XPINUSDT,long,2025-10-24 05:30:00,0.008596,2.0,5.0,0.00876792,0.008166199999999998,8.0,True,loss,-0.6097560975609772,-5.000000000000012,2025-10-24 05:31:00,2.0,False,103,12.195121951219512,0.008166199999999998,973.4265607185413
completed,AIAUSDT,short,2025-10-24 05:30:00,1.307,2.0,5.0,1.2808599999999999,1.37235,8.0,True,loss,-0.6097560975609758,-5.000000000000002,2025-10-24 05:31:00,2.0,False,104,12.195121951219512,1.37235,972.8168046209803
completed,IDOLUSDT,long,2025-10-24 05:30:00,0.03752,2.0,5.0,0.038270399999999996,0.035643999999999995,8.0,True,expired,-0.23077139485129644,-1.8923254377806307,2025-10-24 13:00:00,450.0,False,105,12.195121951219512,0.036809999495744705,972.586033226129
completed,TAGUSDT,long,2025-10-24 09:30:00,0.000433,2.0,5.0,0.00044166,0.00041135,8.0,True,win,0.0,0.0,2025-10-24 11:22:00,113.0,False,106,12.195121951219512,0.00041135,972.586033226129
completed,PROVEUSDT,long,2025-10-24 09:30:00,0.9338,2.0,5.0,0.952476,0.88711,8.0,False,no_entry,0.0,0.0,,0.0,False,107,12.195121951219512,,
completed,PIPPINUSDT,long,2025-10-24 09:30:00,0.02124,2.0,5.0,0.021664799999999998,0.020177999999999998,8.0,True,win,0.2439024390243899,1.9999999999999973,2025-10-24 10:51:00,3.0,False,108,12.195121951219512,0.021664799999999998,972.8299356651534
completed,TRUTHUSDT,long,2025-10-24 09:30:00,0.016466,2.0,5.0,0.016795320000000002,0.0156427,8.0,True,loss,-0.6097560975609775,-5.000000000000015,2025-10-24 10:50:00,81.0,False,109,12.195121951219512,0.0156427,972.2201795675924
completed,ARIAUSDT,long,2025-10-24 09:30:00,0.17999,2.0,5.0,0.18358980000000003,0.1709905,8.0,True,win,0.24390243902439118,2.0000000000000075,2025-10-24 09:31:00,2.0,False,110,12.195121951219512,0.18358980000000003,972.4640820066168
completed,PUMPBTCUSDT,long,2025-10-24 13:30:00,0.0475,2.0,5.0,0.04845,0.045125,8.0,True,win,0.24390243902439013,1.9999999999999991,2025-10-24 13:46:00,10.0,False,111,12.195121951219512,0.04845,972.7079844456412
completed,UBUSDT,long,2025-10-24 13:30:00,0.056835,2.0,5.0,0.0579717,0.05399324999999999,8.0,True,loss,-0.6097560975609765,-5.000000000000007,2025-10-24 13:31:00,2.0,False,112,12.195121951219512,0.05399324999999999,972.0982283480802
completed,LIGHTUSDT,long,2025-10-24 13:30:00,2.355,2.0,5.0,2.4021,2.23725,8.0,True,loss,-0.6097560975609757,-5.000000000000001,2025-10-24 17:36:00,247.0,False,113,12.195121951219512,2.23725,971.4884722505192
completed,FFUSDT,long,2025-10-24 13:30:00,0.1694,2.0,5.0,0.172788,0.16093,8.0,True,loss,-0.6097560975609759,-5.000000000000003,2025-10-24 13:32:00,3.0,False,114,12.195121951219512,0.16093,970.8787161529582
completed,RIVERUSDT,long,2025-10-24 13:30:00,9.867,2.0,5.0,10.064340000000001,9.37365,8.0,True,loss,-0.6097560975609772,-5.000000000000012,2025-10-24 13:31:00,2.0,False,115,12.195121951219512,9.37365,970.2689600553972
completed,COAIUSDT,long,2025-10-24 13:30:00,17.692,2.0,5.0,18.045840000000002,16.807399999999998,8.0,True,win,0.24390243902439143,2.0000000000000098,2025-10-24 13:42:00,12.0,False,116,12.195121951219512,18.045840000000002,970.5128624944216
completed,AVNTUSDT,long,2025-10-24 13:30:00,0.7808,2.0,5.0,0.796416,0.74176,8.0,True,win,0.24390243902438966,1.9999999999999951,2025-10-24 13:44:00,7.0,False,117,12.195121951219512,0.796416,970.756764933446
max_positions_reached,AIAUSDT,,2025-10-24 13:30:00,,,,,,,,,,,,,,118,,,
max_positions_reached,PIPPINUSDT,,2025-10-24 17:30:00,,,,,,,,,,,,,,119,,,
max_positions_reached,XPINUSDT,,2025-10-24 17:30:00,,,,,,,,,,,,,,120,,,
max_positions_reached,PROVEUSDT,,2025-10-24 17:30:00,,,,,,,,,,,,,,121,,,
max_positions_reached,AVNTUSDT,,2025-10-24 21:30:00,,,,,,,,,,,,,,122,,,
max_positions_reached,NAORISUSDT,,2025-10-24 21:30:00,,,,,,,,,,,,,,123,,,
max_positions_reached,TACUSDT,,2025-10-24 21:30:00,,,,,,,,,,,,,,124,,,
max_positions_reached,PUMPBTCUSDT,,2025-10-24 21:30:00,,,,,,,,,,,,,,125,,,
max_positions_reached,COAIUSDT,,2025-10-24 21:30:00,,,,,,,,,,,,,,126,,,
max_positions_reached,FARTCOINUSDT,,2025-10-24 21:30:00,,,,,,,,,,,,,,127,,,
max_positions_reached,RATSUSDT,,2025-10-24 21:30:00,,,,,,,,,,,,,,128,,,
max_positions_reached,AIOUSDT,,2025-10-25 01:30:00,,,,,,,,,,,,,,129,,,
max_positions_reached,PROVEUSDT,,2025-10-25 01:30:00,,,,,,,,,,,,,,130,,,
max_positions_reached,PIPPINUSDT,,2025-10-25 01:30:00,,,,,,,,,,,,,,131,,,
max_positions_reached,FFUSDT,,2025-10-25 01:30:00,,,,,,,,,,,,,,132,,,
max_positions_reached,NAORISUSDT,,2025-10-25 05:30:00,,,,,,,,,,,,,,133,,,
max_positions_reached,PUMPBTCUSDT,,2025-10-25 05:30:00,,,,,,,,,,,,,,134,,,
max_positions_reached,AVNTUSDT,,2025-10-25 05:30:00,,,,,,,,,,,,,,135,,,
max_positions_reached,AIXBTUSDT,,2025-10-25 05:30:00,,,,,,,,,,,,,,136,,,
max_positions_reached,EVAAUSDT,,2025-10-25 09:30:00,,,,,,,,,,,,,,137,,,
max_positions_reached,RIVERUSDT,,2025-10-25 09:30:00,,,,,,,,,,,,,,138,,,
max_positions_reached,PROVEUSDT,,2025-10-25 09:30:00,,,,,,,,,,,,,,139,,,
max_positions_reached,FFUSDT,,2025-10-25 09:30:00,,,,,,,,,,,,,,140,,,
max_positions_reached,TACUSDT,,2025-10-25 09:30:00,,,,,,,,,,,,,,141,,,
max_positions_reached,BIDUSDT,,2025-10-25 09:30:00,,,,,,,,,,,,,,142,,,
max_positions_reached,IDOLUSDT,,2025-10-26 01:30:00,,,,,,,,,,,,,,143,,,
max_positions_reached,AIOUSDT,,2025-10-26 01:30:00,,,,,,,,,,,,,,144,,,
max_positions_reached,AVAAIUSDT,,2025-10-26 01:30:00,,,,,,,,,,,,,,145,,,
max_positions_reached,GRIFFAINUSDT,,2025-10-26 01:30:00,,,,,,,,,,,,,,146,,,
max_positions_reached,UBUSDT,,2025-10-26 01:30:00,,,,,,,,,,,,,,147,,,
max_positions_reached,AIXBTUSDT,,2025-10-26 01:30:00,,,,,,,,,,,,,,148,,,
max_positions_reached,BIDUSDT,,2025-10-26 01:30:00,,,,,,,,,,,,,,149,,,
max_positions_reached,PIPPINUSDT,,2025-10-26 05:30:00,,,,,,,,,,,,,,150,,,
max_positions_reached,COAIUSDT,,2025-10-26 05:30:00,,,,,,,,,,,,,,151,,,
max_positions_reached,NAORISUSDT,,2025-10-26 05:30:00,,,,,,,,,,,,,,152,,,
max_positions_reached,XNYUSDT,,2025-10-26 05:30:00,,,,,,,,,,,,,,153,,,
max_positions_reached,AGTUSDT,,2025-10-26 05:30:00,,,,,,,,,,,,,,154,,,
max_positions_reached,AIXBTUSDT,,2025-10-26 09:30:00,,,,,,,,,,,,,,155,,,
max_positions_reached,UBUSDT,,2025-10-26 09:30:00,,,,,,,,,,,,,,156,,,
max_positions_reached,AVAAIUSDT,,2025-10-26 09:30:00,,,,,,,,,,,,,,157,,,
max_positions_reached,ARCUSDT,,2025-10-26 09:30:00,,,,,,,,,,,,,,158,,,
max_positions_reached,GRIFFAINUSDT,,2025-10-26 09:30:00,,,,,,,,,,,,,,159,,,
max_positions_reached,BIDUSDT,,2025-10-26 09:30:00,,,,,,,,,,,,,,160,,,
max_positions_reached,NAORISUSDT,,2025-10-26 13:30:00,,,,,,,,,,,,,,161,,,
max_positions_reached,XNYUSDT,,2025-10-26 13:30:00,,,,,,,,,,,,,,162,,,
max_positions_reached,NOMUSDT,,2025-10-26 13:30:00,,,,,,,,,,,,,,163,,,
max_positions_reached,AIOUSDT,,2025-10-26 13:30:00,,,,,,,,,,,,,,164,,,
max_positions_reached,AIXBTUSDT,,2025-10-26 17:30:00,,,,,,,,,,,,,,165,,,
max_positions_reached,BIDUSDT,,2025-10-26 17:30:00,,,,,,,,,,,,,,166,,,
max_positions_reached,PIPPINUSDT,,2025-10-26 17:30:00,,,,,,,,,,,,,,167,,,
max_positions_reached,AVAAIUSDT,,2025-10-26 17:30:00,,,,,,,,,,,,,,168,,,
max_positions_reached,TACUSDT,,2025-10-26 17:30:00,,,,,,,,,,,,,,169,,,
max_positions_reached,XNYUSDT,,2025-10-26 21:30:00,,,,,,,,,,,,,,170,,,
max_positions_reached,UBUSDT,,2025-10-26 21:30:00,,,,,,,,,,,,,,171,,,
max_positions_reached,AIOUSDT,,2025-10-26 21:30:00,,,,,,,,,,,,,,172,,,
max_positions_reached,RATSUSDT,,2025-10-26 21:30:00,,,,,,,,,,,,,,173,,,
max_positions_reached,FFUSDT,,2025-10-27 01:30:00,,,,,,,,,,,,,,174,,,
max_positions_reached,ALCHUSDT,,2025-10-27 01:30:00,,,,,,,,,,,,,,175,,,
max_positions_reached,PIPPINUSDT,,2025-10-27 01:30:00,,,,,,,,,,,,,,176,,,
max_positions_reached,TAUSDT,,2025-10-27 01:30:00,,,,,,,,,,,,,,177,,,
max_positions_reached,BIDUSDT,,2025-10-27 01:30:00,,,,,,,,,,,,,,178,,,
max_positions_reached,CETUSUSDT,,2025-10-27 05:30:00,,,,,,,,,,,,,,179,,,
max_positions_reached,AVAAIUSDT,,2025-10-27 05:30:00,,,,,,,,,,,,,,180,,,
max_positions_reached,TACUSDT,,2025-10-27 05:30:00,,,,,,,,,,,,,,181,,,
max_positions_reached,RATSUSDT,,2025-10-27 05:30:00,,,,,,,,,,,,,,182,,,
max_positions_reached,AIXBTUSDT,,2025-10-27 05:30:00,,,,,,,,,,,,,,183,,,
max_positions_reached,XNYUSDT,,2025-10-27 05:30:00,,,,,,,,,,,,,,184,,,
max_positions_reached,BRETTUSDT,,2025-10-27 05:30:00,,,,,,,,,,,,,,185,,,
max_positions_reached,NAORISUSDT,,2025-10-27 09:30:00,,,,,,,,,,,,,,186,,,
max_positions_reached,ALCHUSDT,,2025-10-27 09:30:00,,,,,,,,,,,,,,187,,,
max_positions_reached,BIDUSDT,,2025-10-27 09:30:00,,,,,,,,,,,,,,188,,,
max_positions_reached,EVAAUSDT,,2025-10-27 09:30:00,,,,,,,,,,,,,,189,,,
max_positions_reached,FFUSDT,,2025-10-27 09:30:00,,,,,,,,,,,,,,190,,,
max_positions_reached,PIPPINUSDT,,2025-10-27 09:30:00,,,,,,,,,,,,,,191,,,
max_positions_reached,UBUSDT,,2025-10-27 21:30:00,,,,,,,,,,,,,,192,,,
max_positions_reached,BRETTUSDT,,2025-10-27 21:30:00,,,,,,,,,,,,,,193,,,
max_positions_reached,CETUSUSDT,,2025-10-27 21:30:00,,,,,,,,,,,,,,194,,,
max_positions_reached,JELLYJELLYUSDT,,2025-10-27 21:30:00,,,,,,,,,,,,,,195,,,
max_positions_reached,IDOLUSDT,,2025-10-27 21:30:00,,,,,,,,,,,,,,196,,,
max_positions_reached,BANUSDT,,2025-10-28 01:30:00,,,,,,,,,,,,,,197,,,
max_positions_reached,STOUSDT,,2025-10-28 01:30:00,,,,,,,,,,,,,,198,,,
max_positions_reached,EVAAUSDT,,2025-10-28 01:30:00,,,,,,,,,,,,,,199,,,
max_positions_reached,SOMIUSDT,,2025-10-28 01:30:00,,,,,,,,,,,,,,200,,,
max_positions_reached,MAVIAUSDT,,2025-10-28 01:30:00,,,,,,,,,,,,,,201,,,
max_positions_reached,PARTIUSDT,,2025-10-28 01:30:00,,,,,,,,,,,,,,202,,,
max_positions_reached,AIOUSDT,,2025-10-28 01:30:00,,,,,,,,,,,,,,203,,,
max_positions_reached,ALCHUSDT,,2025-10-28 05:30:00,,,,,,,,,,,,,,204,,,
max_positions_reached,CHILLGUYUSDT,,2025-10-28 05:30:00,,,,,,,,,,,,,,205,,,
max_positions_reached,IDOLUSDT,,2025-10-28 05:30:00,,,,,,,,,,,,,,206,,,
max_positions_reached,JELLYJELLYUSDT,,2025-10-28 05:30:00,,,,,,,,,,,,,,207,,,
max_positions_reached,VFYUSDT,,2025-10-28 09:30:00,,,,,,,,,,,,,,208,,,
max_positions_reached,GRIFFAINUSDT,,2025-10-28 09:30:00,,,,,,,,,,,,,,209,,,
max_positions_reached,POPCATUSDT,,2025-10-28 09:30:00,,,,,,,,,,,,,,210,,,
max_positions_reached,DOLOUSDT,,2025-10-28 09:30:00,,,,,,,,,,,,,,211,,,
max_positions_reached,FFUSDT,,2025-10-28 09:30:00,,,,,,,,,,,,,,212,,,
max_positions_reached,PARTIUSDT,,2025-10-28 09:30:00,,,,,,,,,,,,,,213,,,
max_positions_reached,EVAAUSDT,,2025-10-28 09:30:00,,,,,,,,,,,,,,214,,,
max_positions_reached,MAVIAUSDT,,2025-10-28 09:30:00,,,,,,,,,,,,,,215,,,
max_positions_reached,BIOUSDT,,2025-10-28 09:30:00,,,,,,,,,,,,,,216,,,
max_positions_reached,ALCHUSDT,,2025-10-28 13:30:00,,,,,,,,,,,,,,217,,,
max_positions_reached,HEIUSDT,,2025-10-28 13:30:00,,,,,,,,,,,,,,218,,,
max_positions_reached,BIDUSDT,,2025-10-28 13:30:00,,,,,,,,,,,,,,219,,,
max_positions_reached,STOUSDT,,2025-10-28 13:30:00,,,,,,,,,,,,,,220,,,
max_positions_reached,UBUSDT,,2025-10-28 13:30:00,,,,,,,,,,,,,,221,,,
max_positions_reached,PENGUUSDT,,2025-10-28 13:30:00,,,,,,,,,,,,,,222,,,
max_positions_reached,RECALLUSDT,,2025-10-28 13:30:00,,,,,,,,,,,,,,223,,,
max_positions_reached,SOMIUSDT,,2025-10-28 13:30:00,,,,,,,,,,,,,,224,,,
max_positions_reached,GOATUSDT,,2025-10-28 13:30:00,,,,,,,,,,,,,,225,,,
max_positions_reached,SPXUSDT,,2025-10-28 13:30:00,,,,,,,,,,,,,,226,,,
max_positions_reached,POPCATUSDT,,2025-10-28 17:30:00,,,,,,,,,,,,,,227,,,
max_positions_reached,MAVIAUSDT,,2025-10-28 17:30:00,,,,,,,,,,,,,,228,,,
max_positions_reached,PARTIUSDT,,2025-10-28 17:30:00,,,,,,,,,,,,,,229,,,
max_positions_reached,MOODENGUSDT,,2025-10-28 17:30:00,,,,,,,,,,,,,,230,,,
max_positions_reached,VINEUSDT,,2025-10-28 17:30:00,,,,,,,,,,,,,,231,,,
max_positions_reached,AVAAIUSDT,,2025-10-28 17:30:00,,,,,,,,,,,,,,232,,,
max_positions_reached,FFUSDT,,2025-10-28 17:30:00,,,,,,,,,,,,,,233,,,
max_positions_reached,GRIFFAINUSDT,,2025-10-28 17:30:00,,,,,,,,,,,,,,234,,,
max_positions_reached,POPCATUSDT,,2025-10-29 01:30:00,,,,,,,,,,,,,,235,,,
max_positions_reached,GRIFFAINUSDT,,2025-10-29 01:30:00,,,,,,,,,,,,,,236,,,
max_positions_reached,FFUSDT,,2025-10-29 01:30:00,,,,,,,,,,,,,,237,,,
max_positions_reached,VINEUSDT,,2025-10-29 01:30:00,,,,,,,,,,,,,,238,,,
max_positions_reached,EVAAUSDT,,2025-10-29 01:30:00,,,,,,,,,,,,,,239,,,
max_positions_reached,AVAAIUSDT,,2025-10-29 01:30:00,,,,,,,,,,,,,,240,,,
max_positions_reached,BIOUSDT,,2025-10-29 01:30:00,,,,,,,,,,,,,,241,,,
max_positions_reached,MAVIAUSDT,,2025-10-29 01:30:00,,,,,,,,,,,,,,242,,,
max_positions_reached,SPXUSDT,,2025-10-29 01:30:00,,,,,,,,,,,,,,243,,,
max_positions_reached,DOLOUSDT,,2025-10-29 05:30:00,,,,,,,,,,,,,,244,,,
max_positions_reached,HEIUSDT,,2025-10-29 05:30:00,,,,,,,,,,,,,,245,,,
max_positions_reached,MOODENGUSDT,,2025-10-29 05:30:00,,,,,,,,,,,,,,246,,,
max_positions_reached,KOMAUSDT,,2025-10-29 05:30:00,,,,,,,,,,,,,,247,,,
max_positions_reached,BONKUSDT,,2025-10-29 05:30:00,,,,,,,,,,,,,,248,,,
max_positions_reached,CETUSUSDT,,2025-10-29 05:30:00,,,,,,,,,,,,,,249,,,
max_positions_reached,ALCHUSDT,,2025-10-29 05:30:00,,,,,,,,,,,,,,250,,,
max_positions_reached,UBUSDT,,2025-10-29 05:30:00,,,,,,,,,,,,,,251,,,
max_positions_reached,RECALLUSDT,,2025-10-29 05:30:00,,,,,,,,,,,,,,252,,,
max_positions_reached,RATSUSDT,,2025-10-29 05:30:00,,,,,,,,,,,,,,253,,,
max_positions_reached,FARTCOINUSDT,,2025-10-29 05:30:00,,,,,,,,,,,,,,254,,,
max_positions_reached,AIOTUSDT,,2025-10-29 05:30:00,,,,,,,,,,,,,,255,,,
max_positions_reached,AIXBTUSDT,,2025-10-29 05:30:00,,,,,,,,,,,,,,256,,,
max_positions_reached,PENGUUSDT,,2025-10-29 05:30:00,,,,,,,,,,,,,,257,,,
max_positions_reached,JELLYJELLYUSDT,,2025-10-29 05:30:00,,,,,,,,,,,,,,258,,,
max_positions_reached,DOLOUSDT,,2025-10-29 17:30:00,,,,,,,,,,,,,,259,,,
max_positions_reached,ICNTUSDT,,2025-10-29 17:30:00,,,,,,,,,,,,,,260,,,
max_positions_reached,VINEUSDT,,2025-10-29 17:30:00,,,,,,,,,,,,,,261,,,
max_positions_reached,POPCATUSDT,,2025-10-29 17:30:00,,,,,,,,,,,,,,262,,,
max_positions_reached,CHILLGUYUSDT,,2025-10-29 17:30:00,,,,,,,,,,,,,,263,,,
max_positions_reached,VELVETUSDT,,2025-10-29 17:30:00,,,,,,,,,,,,,,264,,,
max_positions_reached,GOATUSDT,,2025-10-29 17:30:00,,,,,,,,,,,,,,265,,,
max_positions_reached,EVAAUSDT,,2025-10-29 17:30:00,,,,,,,,,,,,,,266,,,
max_positions_reached,JELLYJELLYUSDT,,2025-10-29 17:30:00,,,,,,,,,,,,,,267,,,
max_positions_reached,MAVIAUSDT,,2025-10-29 17:30:00,,,,,,,,,,,,,,268,,,
max_positions_reached,STOUSDT,,2025-10-29 17:30:00,,,,,,,,,,,,,,269,,,
max_positions_reached,CETUSUSDT,,2025-10-29 17:30:00,,,,,,,,,,,,,,270,,,
max_positions_reached,VINEUSDT,,2025-10-30 09:30:00,,,,,,,,,,,,,,271,,,
max_positions_reached,BRETTUSDT,,2025-10-30 09:30:00,,,,,,,,,,,,,,272,,,
max_positions_reached,GOATUSDT,,2025-10-30 09:30:00,,,,,,,,,,,,,,273,,,
max_positions_reached,TAGUSDT,,2025-10-30 09:30:00,,,,,,,,,,,,,,274,,,
max_positions_reached,CETUSUSDT,,2025-10-30 09:30:00,,,,,,,,,,,,,,275,,,
max_positions_reached,DOLOUSDT,,2025-10-30 09:30:00,,,,,,,,,,,,,,276,,,
max_positions_reached,AGTUSDT,,2025-10-30 09:30:00,,,,,,,,,,,,,,277,,,
max_positions_reached,MOODENGUSDT,,2025-10-30 09:30:00,,,,,,,,,,,,,,278,,,
max_positions_reached,SPXUSDT,,2025-10-30 09:30:00,,,,,,,,,,,,,,279,,,
max_positions_reached,BONKUSDT,,2025-10-30 09:30:00,,,,,,,,,,,,,,280,,,
max_positions_reached,BIOUSDT,,2025-10-30 09:30:00,,,,,,,,,,,,,,281,,,
max_positions_reached,JELLYJELLYUSDT,,2025-10-30 09:30:00,,,,,,,,,,,,,,282,,,
max_positions_reached,PARTIUSDT,,2025-10-30 13:30:00,,,,,,,,,,,,,,283,,,
max_positions_reached,ICNTUSDT,,2025-10-30 13:30:00,,,,,,,,,,,,,,284,,,
max_positions_reached,AIOTUSDT,,2025-10-30 13:30:00,,,,,,,,,,,,,,285,,,
max_positions_reached,MYXUSDT,,2025-10-30 13:30:00,,,,,,,,,,,,,,286,,,
max_positions_reached,VELVETUSDT,,2025-10-30 13:30:00,,,,,,,,,,,,,,287,,,
max_positions_reached,XPLUSDT,,2025-10-30 13:30:00,,,,,,,,,,,,,,288,,,
max_positions_reached,KERNELUSDT,,2025-10-30 13:30:00,,,,,,,,,,,,,,289,,,
max_positions_reached,PENGUUSDT,,2025-10-30 13:30:00,,,,,,,,,,,,,,290,,,
max_positions_reached,BONKUSDT,,2025-10-30 17:30:00,,,,,,,,,,,,,,291,,,
max_positions_reached,BRETTUSDT,,2025-10-30 17:30:00,,,,,,,,,,,,,,292,,,
max_positions_reached,GOATUSDT,,2025-10-30 17:30:00,,,,,,,,,,,,,,293,,,
max_positions_reached,CHILLGUYUSDT,,2025-10-30 17:30:00,,,,,,,,,,,,,,294,,,
max_positions_reached,POPCATUSDT,,2025-10-30 17:30:00,,,,,,,,,,,,,,295,,,
max_positions_reached,MOODENGUSDT,,2025-10-30 17:30:00,,,,,,,,,,,,,,296,,,
max_positions_reached,STBLUSDT,,2025-10-30 17:30:00,,,,,,,,,,,,,,297,,,
max_positions_reached,BIOUSDT,,2025-10-30 17:30:00,,,,,,,,,,,,,,298,,,
max_positions_reached,JELLYJELLYUSDT,,2025-10-30 17:30:00,,,,,,,,,,,,,,299,,,
max_positions_reached,FARTCOINUSDT,,2025-10-30 17:30:00,,,,,,,,,,,,,,300,,,
max_positions_reached,SPXUSDT,,2025-10-30 17:30:00,,,,,,,,,,,,,,301,,,
max_positions_reached,VINEUSDT,,2025-10-30 17:30:00,,,,,,,,,,,,,,302,,,
max_positions_reached,PENGUUSDT,,2025-10-30 21:30:00,,,,,,,,,,,,,,303,,,
max_positions_reached,PARTIUSDT,,2025-10-30 21:30:00,,,,,,,,,,,,,,304,,,
max_positions_reached,AVAAIUSDT,,2025-10-30 21:30:00,,,,,,,,,,,,,,305,,,
max_positions_reached,ICNTUSDT,,2025-10-30 21:30:00,,,,,,,,,,,,,,306,,,
max_positions_reached,ARIAUSDT,,2025-10-30 21:30:00,,,,,,,,,,,,,,307,,,
max_positions_reached,KERNELUSDT,,2025-10-30 21:30:00,,,,,,,,,,,,,,308,,,
max_positions_reached,HANAUSDT,,2025-10-30 21:30:00,,,,,,,,,,,,,,309,,,
max_positions_reached,VELVETUSDT,,2025-10-30 21:30:00,,,,,,,,,,,,,,310,,,
max_positions_reached,GRIFFAINUSDT,,2025-10-30 21:30:00,,,,,,,,,,,,,,311,,,
max_positions_reached,XPLUSDT,,2025-10-30 21:30:00,,,,,,,,,,,,,,312,,,
max_positions_reached,BRUSDT,,2025-10-30 21:30:00,,,,,,,,,,,,,,313,,,
max_positions_reached,TAGUSDT,,2025-10-30 21:30:00,,,,,,,,,,,,,,314,,,
max_positions_reached,SOMIUSDT,,2025-10-30 21:30:00,,,,,,,,,,,,,,315,,,
max_positions_reached,AGTUSDT,,2025-10-30 21:30:00,,,,,,,,,,,,,,316,,,
max_positions_reached,TAGUSDT,,2025-10-31 13:30:00,,,,,,,,,,,,,,317,,,
max_positions_reached,ARCUSDT,,2025-10-31 13:30:00,,,,,,,,,,,,,,318,,,
max_positions_reached,HEIUSDT,,2025-10-31 13:30:00,,,,,,,,,,,,,,319,,,
max_positions_reached,ICNTUSDT,,2025-10-31 13:30:00,,,,,,,,,,,,,,320,,,
max_positions_reached,PENGUUSDT,,2025-10-31 13:30:00,,,,,,,,,,,,,,321,,,
max_positions_reached,PIPPINUSDT,,2025-10-31 13:30:00,,,,,,,,,,,,,,322,,,
max_positions_reached,VELVETUSDT,,2025-10-31 13:30:00,,,,,,,,,,,,,,323,,,
max_positions_reached,EVAAUSDT,,2025-10-31 13:30:00,,,,,,,,,,,,,,324,,,
max_positions_reached,USELESSUSDT,,2025-10-31 17:30:00,,,,,,,,,,,,,,325,,,
max_positions_reached,ZEREBROUSDT,,2025-10-31 17:30:00,,,,,,,,,,,,,,326,,,
max_positions_reached,GOATUSDT,,2025-10-31 17:30:00,,,,,,,,,,,,,,327,,,
max_positions_reached,BONKUSDT,,2025-10-31 17:30:00,,,,,,,,,,,,,,328,,,
max_positions_reached,VINEUSDT,,2025-10-31 17:30:00,,,,,,,,,,,,,,329,,,
max_positions_reached,POPCATUSDT,,2025-10-31 17:30:00,,,,,,,,,,,,,,330,,,
max_positions_reached,DOLOUSDT,,2025-10-31 17:30:00,,,,,,,,,,,,,,331,,,
max_positions_reached,CETUSUSDT,,2025-10-31 17:30:00,,,,,,,,,,,,,,332,,,
max_positions_reached,BRUSDT,,2025-10-31 17:30:00,,,,,,,,,,,,,,333,,,
max_positions_reached,BTRUSDT,,2025-10-31 17:30:00,,,,,,,,,,,,,,334,,,
max_positions_reached,ICNTUSDT,,2025-10-31 21:30:00,,,,,,,,,,,,,,335,,,
max_positions_reached,RATSUSDT,,2025-10-31 21:30:00,,,,,,,,,,,,,,336,,,
max_positions_reached,AVAAIUSDT,,2025-10-31 21:30:00,,,,,,,,,,,,,,337,,,
max_positions_reached,PENGUUSDT,,2025-10-31 21:30:00,,,,,,,,,,,,,,338,,,
max_positions_reached,JELLYJELLYUSDT,,2025-10-31 21:30:00,,,,,,,,,,,,,,339,,,
max_positions_reached,VELVETUSDT,,2025-10-31 21:30:00,,,,,,,,,,,,,,340,,,
max_positions_reached,SOONUSDT,,2025-10-31 21:30:00,,,,,,,,,,,,,,341,,,
max_positions_reached,ARCUSDT,,2025-10-31 21:30:00,,,,,,,,,,,,,,342,,,
max_positions_reached,POPCATUSDT,,2025-11-01 01:30:00,,,,,,,,,,,,,,343,,,
max_positions_reached,FARTCOINUSDT,,2025-11-01 01:30:00,,,,,,,,,,,,,,344,,,
max_positions_reached,BIOUSDT,,2025-11-01 01:30:00,,,,,,,,,,,,,,345,,,
max_positions_reached,DOLOUSDT,,2025-11-01 01:30:00,,,,,,,,,,,,,,346,,,
max_positions_reached,PIPPINUSDT,,2025-11-01 01:30:00,,,,,,,,,,,,,,347,,,
max_positions_reached,USELESSUSDT,,2025-11-01 01:30:00,,,,,,,,,,,,,,348,,,
max_positions_reached,AIAUSDT,,2025-11-01 01:30:00,,,,,,,,,,,,,,349,,,
max_positions_reached,ZEREBROUSDT,,2025-11-01 01:30:00,,,,,,,,,,,,,,350,,,
max_positions_reached,BRUSDT,,2025-11-01 01:30:00,,,,,,,,,,,,,,351,,,
max_positions_reached,SOONUSDT,,2025-11-01 05:30:00,,,,,,,,,,,,,,352,,,
max_positions_reached,ARCUSDT,,2025-11-01 05:30:00,,,,,,,,,,,,,,353,,,
max_positions_reached,TAGUSDT,,2025-11-01 05:30:00,,,,,,,,,,,,,,354,,,
max_positions_reached,RATSUSDT,,2025-11-01 05:30:00,,,,,,,,,,,,,,355,,,
max_positions_reached,VELVETUSDT,,2025-11-01 05:30:00,,,,,,,,,,,,,,356,,,
max_positions_reached,AVAAIUSDT,,2025-11-01 05:30:00,,,,,,,,,,,,,,357,,,
max_positions_reached,PENGUUSDT,,2025-11-01 05:30:00,,,,,,,,,,,,,,358,,,
max_positions_reached,ICNTUSDT,,2025-11-01 05:30:00,,,,,,,,,,,,,,359,,,
max_positions_reached,BONKUSDT,,2025-11-01 05:30:00,,,,,,,,,,,,,,360,,,
max_positions_reached,PIPPINUSDT,,2025-11-01 09:30:00,,,,,,,,,,,,,,361,,,
max_positions_reached,ZEREBROUSDT,,2025-11-01 09:30:00,,,,,,,,,,,,,,362,,,
max_positions_reached,DOLOUSDT,,2025-11-01 09:30:00,,,,,,,,,,,,,,363,,,
max_positions_reached,AIOTUSDT,,2025-11-01 09:30:00,,,,,,,,,,,,,,364,,,
max_positions_reached,BRUSDT,,2025-11-01 09:30:00,,,,,,,,,,,,,,365,,,
max_positions_reached,GRIFFAINUSDT,,2025-11-01 13:30:00,,,,,,,,,,,,,,366,,,
max_positions_reached,BONKUSDT,,2025-11-01 13:30:00,,,,,,,,,,,,,,367,,,
max_positions_reached,AIXBTUSDT,,2025-11-01 13:30:00,,,,,,,,,,,,,,368,,,
max_positions_reached,AVNTUSDT,,2025-11-01 13:30:00,,,,,,,,,,,,,,369,,,
max_positions_reached,AVAAIUSDT,,2025-11-01 13:30:00,,,,,,,,,,,,,,370,,,
max_positions_reached,BIDUSDT,,2025-11-01 13:30:00,,,,,,,,,,,,,,371,,,
max_positions_reached,ARCUSDT,,2025-11-01 13:30:00,,,,,,,,,,,,,,372,,,
max_positions_reached,VFYUSDT,,2025-11-01 13:30:00,,,,,,,,,,,,,,373,,,
max_positions_reached,ICNTUSDT,,2025-11-01 13:30:00,,,,,,,,,,,,,,374,,,
max_positions_reached,JELLYJELLYUSDT,,2025-11-01 13:30:00,,,,,,,,,,,,,,375,,,
max_positions_reached,ZEREBROUSDT,,2025-11-01 17:30:00,,,,,,,,,,,,,,376,,,
max_positions_reached,AIOTUSDT,,2025-11-01 17:30:00,,,,,,,,,,,,,,377,,,
max_positions_reached,PIPPINUSDT,,2025-11-01 17:30:00,,,,,,,,,,,,,,378,,,
max_positions_reached,DOLOUSDT,,2025-11-01 17:30:00,,,,,,,,,,,,,,379,,,
max_positions_reached,SOONUSDT,,2025-11-01 21:30:00,,,,,,,,,,,,,,380,,,
max_positions_reached,AVAAIUSDT,,2025-11-01 21:30:00,,,,,,,,,,,,,,381,,,
max_positions_reached,GRIFFAINUSDT,,2025-11-01 21:30:00,,,,,,,,,,,,,,382,,,
max_positions_reached,ALCHUSDT,,2025-11-01 21:30:00,,,,,,,,,,,,,,383,,,
max_positions_reached,RATSUSDT,,2025-11-01 21:30:00,,,,,,,,,,,,,,384,,,
max_positions_reached,AIXBTUSDT,,2025-11-01 21:30:00,,,,,,,,,,,,,,385,,,
max_positions_reached,ARCUSDT,,2025-11-01 21:30:00,,,,,,,,,,,,,,386,,,
max_positions_reached,VELVETUSDT,,2025-11-01 21:30:00,,,,,,,,,,,,,,387,,,
max_positions_reached,VFYUSDT,,2025-11-01 21:30:00,,,,,,,,,,,,,,388,,,
max_positions_reached,JELLYJELLYUSDT,,2025-11-01 21:30:00,,,,,,,,,,,,,,389,,,
max_positions_reached,AIAUSDT,,2025-11-01 21:30:00,,,,,,,,,,,,,,390,,,
max_positions_reached,UBUSDT,,2025-11-01 21:30:00,,,,,,,,,,,,,,391,,,
max_positions_reached,LIGHTUSDT,,2025-11-02 01:30:00,,,,,,,,,,,,,,392,,,
max_positions_reached,PIPPINUSDT,,2025-11-02 01:30:00,,,,,,,,,,,,,,393,,,
max_positions_reached,AIOTUSDT,,2025-11-02 01:30:00,,,,,,,,,,,,,,394,,,
max_positions_reached,XNYUSDT,,2025-11-02 05:30:00,,,,,,,,,,,,,,395,,,
max_positions_reached,GRIFFAINUSDT,,2025-11-02 05:30:00,,,,,,,,,,,,,,396,,,
max_positions_reached,VELVETUSDT,,2025-11-02 05:30:00,,,,,,,,,,,,,,397,,,
max_positions_reached,ARCUSDT,,2025-11-02 05:30:00,,,,,,,,,,,,,,398,,,
max_positions_reached,VFYUSDT,,2025-11-02 05:30:00,,,,,,,,,,,,,,399,,,
max_positions_reached,UBUSDT,,2025-11-02 05:30:00,,,,,,,,,,,,,,400,,,
max_positions_reached,JELLYJELLYUSDT,,2025-11-02 05:30:00,,,,,,,,,,,,,,401,,,
max_positions_reached,AIAUSDT,,2025-11-02 05:30:00,,,,,,,,,,,,,,402,,,
max_positions_reached,MYXUSDT,,2025-11-02 05:30:00,,,,,,,,,,,,,,403,,,
max_positions_reached,AIXBTUSDT,,2025-11-02 05:30:00,,,,,,,,,,,,,,404,,,
max_positions_reached,AIOTUSDT,,2025-11-02 09:30:00,,,,,,,,,,,,,,405,,,
max_positions_reached,XNYUSDT,,2025-11-02 13:30:00,,,,,,,,,,,,,,406,,,
max_positions_reached,JELLYJELLYUSDT,,2025-11-02 13:30:00,,,,,,,,,,,,,,407,,,
max_positions_reached,LIGHTUSDT,,2025-11-02 13:30:00,,,,,,,,,,,,,,408,,,
max_positions_reached,UBUSDT,,2025-11-02 13:30:00,,,,,,,,,,,,,,409,,,
max_positions_reached,VELVETUSDT,,2025-11-02 13:30:00,,,,,,,,,,,,,,410,,,
max_positions_reached,AVAAIUSDT,,2025-11-02 17:30:00,,,,,,,,,,,,,,411,,,
max_positions_reached,BANUSDT,,2025-11-02 17:30:00,,,,,,,,,,,,,,412,,,
max_positions_reached,ARCUSDT,,2025-11-02 17:30:00,,,,,,,,,,,,,,413,,,
max_positions_reached,AIOTUSDT,,2025-11-02 17:30:00,,,,,,,,,,,,,,414,,,
max_positions_reached,ICNTUSDT,,2025-11-02 21:30:00,,,,,,,,,,,,,,415,,,
max_positions_reached,LIGHTUSDT,,2025-11-02 21:30:00,,,,,,,,,,,,,,416,,,
max_positions_reached,JELLYJELLYUSDT,,2025-11-02 21:30:00,,,,,,,,,,,,,,417,,,
max_positions_reached,XNYUSDT,,2025-11-02 21:30:00,,,,,,,,,,,,,,418,,,
max_positions_reached,BIOUSDT,,2025-11-02 21:30:00,,,,,,,,,,,,,,419,,,
max_positions_reached,IDOLUSDT,,2025-11-02 21:30:00,,,,,,,,,,,,,,420,,,
max_positions_reached,ASTERUSDT,,2025-11-03 01:30:00,,,,,,,,,,,,,,421,,,
max_positions_reached,ARCUSDT,,2025-11-03 01:30:00,,,,,,,,,,,,,,422,,,
max_positions_reached,BANUSDT,,2025-11-03 01:30:00,,,,,,,,,,,,,,423,,,
max_positions_reached,AIOTUSDT,,2025-11-03 01:30:00,,,,,,,,,,,,,,424,,,
max_positions_reached,AVAAIUSDT,,2025-11-03 01:30:00,,,,,,,,,,,,,,425,,,
max_positions_reached,HEIUSDT,,2025-11-03 05:30:00,,,,,,,,,,,,,,426,,,
max_positions_reached,VFYUSDT,,2025-11-03 05:30:00,,,,,,,,,,,,,,427,,,
max_positions_reached,XNYUSDT,,2025-11-03 05:30:00,,,,,,,,,,,,,,428,,,
max_positions_reached,ICNTUSDT,,2025-11-03 05:30:00,,,,,,,,,,,,,,429,,,
max_positions_reached,ARCUSDT,,2025-11-03 09:30:00,,,,,,,,,,,,,,430,,,
max_positions_reached,ASTERUSDT,,2025-11-03 09:30:00,,,,,,,,,,,,,,431,,,
max_positions_reached,BIDUSDT,,2025-11-03 09:30:00,,,,,,,,,,,,,,432,,,
max_positions_reached,XNYUSDT,,2025-11-03 13:30:00,,,,,,,,,,,,,,433,,,
max_positions_reached,BONKUSDT,,2025-11-03 13:30:00,,,,,,,,,,,,,,434,,,
max_positions_reached,VINEUSDT,,2025-11-03 13:30:00,,,,,,,,,,,,,,435,,,
max_positions_reached,MOODENGUSDT,,2025-11-03 13:30:00,,,,,,,,,,,,,,436,,,
max_positions_reached,CETUSUSDT,,2025-11-03 13:30:00,,,,,,,,,,,,,,437,,,
max_positions_reached,AVAAIUSDT,,2025-11-03 13:30:00,,,,,,,,,,,,,,438,,,
max_positions_reached,GOATUSDT,,2025-11-03 13:30:00,,,,,,,,,,,,,,439,,,
max_positions_reached,SPXUSDT,,2025-11-03 13:30:00,,,,,,,,,,,,,,440,,,
max_positions_reached,POPCATUSDT,,2025-11-03 13:30:00,,,,,,,,,,,,,,441,,,
max_positions_reached,KOMAUSDT,,2025-11-03 17:30:00,,,,,,,,,,,,,,442,,,
max_positions_reached,MYXUSDT,,2025-11-03 17:30:00,,,,,,,,,,,,,,443,,,
max_positions_reached,PROVEUSDT,,2025-11-03 17:30:00,,,,,,,,,,,,,,444,,,
max_positions_reached,NAORISUSDT,,2025-11-03 17:30:00,,,,,,,,,,,,,,445,,,
max_positions_reached,ARCUSDT,,2025-11-03 17:30:00,,,,,,,,,,,,,,446,,,
max_positions_reached,BIOUSDT,,2025-11-03 17:30:00,,,,,,,,,,,,,,447,,,
max_positions_reached,BANUSDT,,2025-11-03 17:30:00,,,,,,,,,,,,,,448,,,
max_positions_reached,ZORAUSDT,,2025-11-03 21:30:00,,,,,,,,,,,,,,449,,,
max_positions_reached,AGTUSDT,,2025-11-03 21:30:00,,,,,,,,,,,,,,450,,,
max_positions_reached,CETUSUSDT,,2025-11-03 21:30:00,,,,,,,,,,,,,,451,,,
max_positions_reached,USELESSUSDT,,2025-11-03 21:30:00,,,,,,,,,,,,,,452,,,
max_positions_reached,STBLUSDT,,2025-11-03 21:30:00,,,,,,,,,,,,,,453,,,
max_positions_reached,GOATUSDT,,2025-11-03 21:30:00,,,,,,,,,,,,,,454,,,
max_positions_reached,XNYUSDT,,2025-11-03 21:30:00,,,,,,,,,,,,,,455,,,
max_positions_reached,NOMUSDT,,2025-11-03 21:30:00,,,,,,,,,,,,,,456,,,
max_positions_reached,BRETTUSDT,,2025-11-03 21:30:00,,,,,,,,,,,,,,457,,,
max_positions_reached,MOODENGUSDT,,2025-11-03 21:30:00,,,,,,,,,,,,,,458,,,
max_positions_reached,XPLUSDT,,2025-11-03 21:30:00,,,,,,,,,,,,,,459,,,
max_positions_reached,CHILLGUYUSDT,,2025-11-03 21:30:00,,,,,,,,,,,,,,460,,,
max_positions_reached,FARTCOINUSDT,,2025-11-03 21:30:00,,,,,,,,,,,,,,461,,,
max_positions_reached,JELLYJELLYUSDT,,2025-11-03 21:30:00,,,,,,,,,,,,,,462,,,
max_positions_reached,RATSUSDT,,2025-11-03 21:30:00,,,,,,,,,,,,,,463,,,
max_positions_reached,KOMAUSDT,,2025-11-04 01:30:00,,,,,,,,,,,,,,464,,,
max_positions_reached,PROVEUSDT,,2025-11-04 01:30:00,,,,,,,,,,,,,,465,,,
max_positions_reached,HEIUSDT,,2025-11-04 01:30:00,,,,,,,,,,,,,,466,,,
max_positions_reached,AIOUSDT,,2025-11-04 01:30:00,,,,,,,,,,,,,,467,,,
max_positions_reached,MYXUSDT,,2025-11-04 01:30:00,,,,,,,,,,,,,,468,,,
max_positions_reached,ASTERUSDT,,2025-11-04 01:30:00,,,,,,,,,,,,,,469,,,
max_positions_reached,AIOTUSDT,,2025-11-04 01:30:00,,,,,,,,,,,,,,470,,,
max_positions_reached,NAORISUSDT,,2025-11-04 01:30:00,,,,,,,,,,,,,,471,,,
max_positions_reached,BIOUSDT,,2025-11-04 01:30:00,,,,,,,,,,,,,,472,,,
max_positions_reached,ALCHUSDT,,2025-11-04 01:30:00,,,,,,,,,,,,,,473,,,
max_positions_reached,ARCUSDT,,2025-11-04 01:30:00,,,,,,,,,,,,,,474,,,
max_positions_reached,POPCATUSDT,,2025-11-04 05:30:00,,,,,,,,,,,,,,475,,,
max_positions_reached,BRETTUSDT,,2025-11-04 05:30:00,,,,,,,,,,,,,,476,,,
max_positions_reached,BONKUSDT,,2025-11-04 05:30:00,,,,,,,,,,,,,,477,,,
max_positions_reached,FARTCOINUSDT,,2025-11-04 05:30:00,,,,,,,,,,,,,,478,,,
max_positions_reached,PENGUUSDT,,2025-11-04 05:30:00,,,,,,,,,,,,,,479,,,
max_positions_reached,SOMIUSDT,,2025-11-04 05:30:00,,,,,,,,,,,,,,480,,,
max_positions_reached,GRIFFAINUSDT,,2025-11-04 05:30:00,,,,,,,,,,,,,,481,,,
max_positions_reached,CHILLGUYUSDT,,2025-11-04 05:30:00,,,,,,,,,,,,,,482,,,
max_positions_reached,PARTIUSDT,,2025-11-04 05:30:00,,,,,,,,,,,,,,483,,,
max_positions_reached,STBLUSDT,,2025-11-04 05:30:00,,,,,,,,,,,,,,484,,,
max_positions_reached,PUMPBTCUSDT,,2025-11-04 05:30:00,,,,,,,,,,,,,,485,,,
max_positions_reached,SPXUSDT,,2025-11-04 05:30:00,,,,,,,,,,,,,,486,,,
max_positions_reached,JELLYJELLYUSDT,,2025-11-04 05:30:00,,,,,,,,,,,,,,487,,,
max_positions_reached,TAUSDT,,2025-11-04 05:30:00,,,,,,,,,,,,,,488,,,
max_positions_reached,DOLOUSDT,,2025-11-04 13:30:00,,,,,,,,,,,,,,489,,,
max_positions_reached,POPCATUSDT,,2025-11-04 13:30:00,,,,,,,,,,,,,,490,,,
max_positions_reached,SOMIUSDT,,2025-11-04 13:30:00,,,,,,,,,,,,,,491,,,
max_positions_reached,NAORISUSDT,,2025-11-04 13:30:00,,,,,,,,,,,,,,492,,,
max_positions_reached,CETUSUSDT,,2025-11-04 13:30:00,,,,,,,,,,,,,,493,,,
max_positions_reached,PARTIUSDT,,2025-11-04 13:30:00,,,,,,,,,,,,,,494,,,
max_positions_reached,NOMUSDT,,2025-11-04 13:30:00,,,,,,,,,,,,,,495,,,
max_positions_reached,STBLUSDT,,2025-11-04 13:30:00,,,,,,,,,,,,,,496,,,
max_positions_reached,BRETTUSDT,,2025-11-04 13:30:00,,,,,,,,,,,,,,497,,,
max_positions_reached,PENGUUSDT,,2025-11-04 13:30:00,,,,,,,,,,,,,,498,,,
max_positions_reached,MOODENGUSDT,,2025-11-04 13:30:00,,,,,,,,,,,,,,499,,,
max_positions_reached,USELESSUSDT,,2025-11-04 13:30:00,,,,,,,,,,,,,,500,,,
max_positions_reached,VINEUSDT,,2025-11-04 13:30:00,,,,,,,,,,,,,,501,,,
max_positions_reached,JELLYJELLYUSDT,,2025-11-04 13:30:00,,,,,,,,,,,,,,502,,,
max_positions_reached,GOATUSDT,,2025-11-04 13:30:00,,,,,,,,,,,,,,503,,,
max_positions_reached,SPXUSDT,,2025-11-04 13:30:00,,,,,,,,,,,,,,504,,,
max_positions_reached,FARTCOINUSDT,,2025-11-04 13:30:00,,,,,,,,,,,,,,505,,,
max_positions_reached,ALCHUSDT,,2025-11-04 13:30:00,,,,,,,,,,,,,,506,,,
max_positions_reached,BONKUSDT,,2025-11-04 13:30:00,,,,,,,,,,,,,,507,,,
max_positions_reached,HEIUSDT,,2025-11-04 17:30:00,,,,,,,,,,,,,,508,,,
max_positions_reached,KOMAUSDT,,2025-11-04 17:30:00,,,,,,,,,,,,,,509,,,
max_positions_reached,PROVEUSDT,,2025-11-04 17:30:00,,,,,,,,,,,,,,510,,,
max_positions_reached,KERNELUSDT,,2025-11-04 17:30:00,,,,,,,,,,,,,,511,,,
max_positions_reached,CHILLGUYUSDT,,2025-11-04 17:30:00,,,,,,,,,,,,,,512,,,
max_positions_reached,ZEREBROUSDT,,2025-11-04 17:30:00,,,,,,,,,,,,,,513,,,
max_positions_reached,BIOUSDT,,2025-11-04 17:30:00,,,,,,,,,,,,,,514,,,
max_positions_reached,BLESSUSDT,,2025-11-04 17:30:00,,,,,,,,,,,,,,515,,,
max_positions_reached,ARCUSDT,,2025-11-04 17:30:00,,,,,,,,,,,,,,516,,,
max_positions_reached,ASTERUSDT,,2025-11-04 17:30:00,,,,,,,,,,,,,,517,,,
max_positions_reached,VFYUSDT,,2025-11-04 17:30:00,,,,,,,,,,,,,,518,,,
max_positions_reached,GRIFFAINUSDT,,2025-11-04 21:30:00,,,,,,,,,,,,,,519,,,
max_positions_reached,SOMIUSDT,,2025-11-04 21:30:00,,,,,,,,,,,,,,520,,,
max_positions_reached,DOLOUSDT,,2025-11-04 21:30:00,,,,,,,,,,,,,,521,,,
max_positions_reached,BONKUSDT,,2025-11-04 21:30:00,,,,,,,,,,,,,,522,,,
max_positions_reached,NAORISUSDT,,2025-11-04 21:30:00,,,,,,,,,,,,,,523,,,
max_positions_reached,PENGUUSDT,,2025-11-04 21:30:00,,,,,,,,,,,,,,524,,,
max_positions_reached,TAUSDT,,2025-11-04 21:30:00,,,,,,,,,,,,,,525,,,
max_positions_reached,USELESSUSDT,,2025-11-04 21:30:00,,,,,,,,,,,,,,526,,,
max_positions_reached,TRUTHUSDT,,2025-11-04 21:30:00,,,,,,,,,,,,,,527,,,
max_positions_reached,MOODENGUSDT,,2025-11-04 21:30:00,,,,,,,,,,,,,,528,,,
max_positions_reached,TAGUSDT,,2025-11-04 21:30:00,,,,,,,,,,,,,,529,,,
max_positions_reached,BLESSUSDT,,2025-11-04 21:30:00,,,,,,,,,,,,,,530,,,
max_positions_reached,JELLYJELLYUSDT,,2025-11-04 21:30:00,,,,,,,,,,,,,,531,,,
max_positions_reached,AIOTUSDT,,2025-11-05 01:30:00,,,,,,,,,,,,,,532,,,
max_positions_reached,ARCUSDT,,2025-11-05 01:30:00,,,,,,,,,,,,,,533,,,
max_positions_reached,CHILLGUYUSDT,,2025-11-05 01:30:00,,,,,,,,,,,,,,534,,,
max_positions_reached,ASTERUSDT,,2025-11-05 01:30:00,,,,,,,,,,,,,,535,,,
max_positions_reached,HEIUSDT,,2025-11-05 01:30:00,,,,,,,,,,,,,,536,,,
max_positions_reached,XPLUSDT,,2025-11-05 01:30:00,,,,,,,,,,,,,,537,,,
max_positions_reached,BRUSDT,,2025-11-05 01:30:00,,,,,,,,,,,,,,538,,,
max_positions_reached,PROVEUSDT,,2025-11-05 01:30:00,,,,,,,,,,,,,,539,,,
max_positions_reached,XPINUSDT,,2025-11-05 01:30:00,,,,,,,,,,,,,,540,,,
max_positions_reached,AIAUSDT,,2025-11-05 01:30:00,,,,,,,,,,,,,,541,,,
max_positions_reached,RIVERUSDT,,2025-11-05 01:30:00,,,,,,,,,,,,,,542,,,
max_positions_reached,BIOUSDT,,2025-11-05 01:30:00,,,,,,,,,,,,,,543,,,
max_positions_reached,ZEREBROUSDT,,2025-11-05 01:30:00,,,,,,,,,,,,,,544,,,
max_positions_reached,BIDUSDT,,2025-11-05 01:30:00,,,,,,,,,,,,,,545,,,
max_positions_reached,IDOLUSDT,,2025-11-05 05:30:00,,,,,,,,,,,,,,546,,,
max_positions_reached,GOATUSDT,,2025-11-05 05:30:00,,,,,,,,,,,,,,547,,,
max_positions_reached,PUMPBTCUSDT,,2025-11-05 05:30:00,,,,,,,,,,,,,,548,,,
max_positions_reached,ALCHUSDT,,2025-11-05 05:30:00,,,,,,,,,,,,,,549,,,
max_positions_reached,TAUSDT,,2025-11-05 05:30:00,,,,,,,,,,,,,,550,,,
max_positions_reached,GRIFFAINUSDT,,2025-11-05 05:30:00,,,,,,,,,,,,,,551,,,
max_positions_reached,VINEUSDT,,2025-11-05 05:30:00,,,,,,,,,,,,,,552,,,
max_positions_reached,SOMIUSDT,,2025-11-05 05:30:00,,,,,,,,,,,,,,553,,,
max_positions_reached,USELESSUSDT,,2025-11-05 05:30:00,,,,,,,,,,,,,,554,,,
max_positions_reached,SPXUSDT,,2025-11-05 05:30:00,,,,,,,,,,,,,,555,,,
max_positions_reached,FARTCOINUSDT,,2025-11-05 05:30:00,,,,,,,,,,,,,,556,,,
max_positions_reached,PARTIUSDT,,2025-11-05 05:30:00,,,,,,,,,,,,,,557,,,
max_positions_reached,TRUTHUSDT,,2025-11-05 05:30:00,,,,,,,,,,,,,,558,,,
max_positions_reached,JELLYJELLYUSDT,,2025-11-05 05:30:00,,,,,,,,,,,,,,559,,,
max_positions_reached,BRETTUSDT,,2025-11-05 05:30:00,,,,,,,,,,,,,,560,,,
max_positions_reached,NAORISUSDT,,2025-11-05 09:30:00,,,,,,,,,,,,,,561,,,
max_positions_reached,AIAUSDT,,2025-11-05 09:30:00,,,,,,,,,,,,,,562,,,
max_positions_reached,XPLUSDT,,2025-11-05 09:30:00,,,,,,,,,,,,,,563,,,
max_positions_reached,CHILLGUYUSDT,,2025-11-05 09:30:00,,,,,,,,,,,,,,564,,,
max_positions_reached,AIOUSDT,,2025-11-05 09:30:00,,,,,,,,,,,,,,565,,,
max_positions_reached,HEIUSDT,,2025-11-05 09:30:00,,,,,,,,,,,,,,566,,,
max_positions_reached,BRUSDT,,2025-11-05 09:30:00,,,,,,,,,,,,,,567,,,
max_positions_reached,STOUSDT,,2025-11-05 09:30:00,,,,,,,,,,,,,,568,,,
max_positions_reached,PROVEUSDT,,2025-11-05 09:30:00,,,,,,,,,,,,,,569,,,
max_positions_reached,SOONUSDT,,2025-11-05 09:30:00,,,,,,,,,,,,,,570,,,
max_positions_reached,BIDUSDT,,2025-11-05 09:30:00,,,,,,,,,,,,,,571,,,
max_positions_reached,BIOUSDT,,2025-11-05 09:30:00,,,,,,,,,,,,,,572,,,
max_positions_reached,AIOTUSDT,,2025-11-05 09:30:00,,,,,,,,,,,,,,573,,,
max_positions_reached,VFYUSDT,,2025-11-05 09:30:00,,,,,,,,,,,,,,574,,,
max_positions_reached,KOMAUSDT,,2025-11-05 09:30:00,,,,,,,,,,,,,,575,,,
max_positions_reached,XPINUSDT,,2025-11-05 09:30:00,,,,,,,,,,,,,,576,,,
max_positions_reached,RATSUSDT,,2025-11-06 09:30:00,,,,,,,,,,,,,,577,,,
max_positions_reached,BTRUSDT,,2025-11-06 09:30:00,,,,,,,,,,,,,,578,,,
max_positions_reached,BRUSDT,,2025-11-06 09:30:00,,,,,,,,,,,,,,579,,,
max_positions_reached,SOMIUSDT,,2025-11-06 09:30:00,,,,,,,,,,,,,,580,,,
max_positions_reached,TRUTHUSDT,,2025-11-06 09:30:00,,,,,,,,,,,,,,581,,,
max_positions_reached,ASTERUSDT,,2025-11-06 09:30:00,,,,,,,,,,,,,,582,,,
max_positions_reached,MAVIAUSDT,,2025-11-06 09:30:00,,,,,,,,,,,,,,583,,,
max_positions_reached,XPINUSDT,,2025-11-06 09:30:00,,,,,,,,,,,,,,584,,,
max_positions_reached,NAORISUSDT,,2025-11-06 09:30:00,,,,,,,,,,,,,,585,,,
max_positions_reached,GIGGLEUSDT,,2025-11-06 13:30:00,,,,,,,,,,,,,,586,,,
max_positions_reached,XPLUSDT,,2025-11-06 13:30:00,,,,,,,,,,,,,,587,,,
max_positions_reached,TAGUSDT,,2025-11-06 13:30:00,,,,,,,,,,,,,,588,,,
max_positions_reached,ALCHUSDT,,2025-11-06 13:30:00,,,,,,,,,,,,,,589,,,
max_positions_reached,AIAUSDT,,2025-11-06 13:30:00,,,,,,,,,,,,,,590,,,
max_positions_reached,RATSUSDT,,2025-11-06 17:30:00,,,,,,,,,,,,,,591,,,
max_positions_reached,NAORISUSDT,,2025-11-06 17:30:00,,,,,,,,,,,,,,592,,,
max_positions_reached,ICNTUSDT,,2025-11-06 17:30:00,,,,,,,,,,,,,,593,,,
max_positions_reached,TRUTHUSDT,,2025-11-06 17:30:00,,,,,,,,,,,,,,594,,,
max_positions_reached,AIAUSDT,,2025-11-06 21:30:00,,,,,,,,,,,,,,595,,,
max_positions_reached,ALCHUSDT,,2025-11-06 21:30:00,,,,,,,,,,,,,,596,,,
max_positions_reached,TAGUSDT,,2025-11-06 21:30:00,,,,,,,,,,,,,,597,,,
max_positions_reached,PARTIUSDT,,2025-11-06 21:30:00,,,,,,,,,,,,,,598,,,
max_positions_reached,GIGGLEUSDT,,2025-11-06 21:30:00,,,,,,,,,,,,,,599,,,
max_positions_reached,ICNTUSDT,,2025-11-07 01:30:00,,,,,,,,,,,,,,600,,,
max_positions_reached,RATSUSDT,,2025-11-07 01:30:00,,,,,,,,,,,,,,601,,,
max_positions_reached,BLESSUSDT,,2025-11-07 01:30:00,,,,,,,,,,,,,,602,,,
max_positions_reached,JELLYJELLYUSDT,,2025-11-07 01:30:00,,,,,,,,,,,,,,603,,,
max_positions_reached,TRUTHUSDT,,2025-11-07 01:30:00,,,,,,,,,,,,,,604,,,
max_positions_reached,BTRUSDT,,2025-11-07 01:30:00,,,,,,,,,,,,,,605,,,
max_positions_reached,GIGGLEUSDT,,2025-11-07 05:30:00,,,,,,,,,,,,,,606,,,
max_positions_reached,TAGUSDT,,2025-11-07 05:30:00,,,,,,,,,,,,,,607,,,
max_positions_reached,BASUSDT,,2025-11-07 05:30:00,,,,,,,,,,,,,,608,,,
max_positions_reached,AIAUSDT,,2025-11-07 05:30:00,,,,,,,,,,,,,,609,,,
max_positions_reached,RIVERUSDT,,2025-11-07 05:30:00,,,,,,,,,,,,,,610,,,
max_positions_reached,XPLUSDT,,2025-11-07 05:30:00,,,,,,,,,,,,,,611,,,
max_positions_reached,ALCHUSDT,,2025-11-07 05:30:00,,,,,,,,,,,,,,612,,,
max_positions_reached,TRUTHUSDT,,2025-11-07 09:30:00,,,,,,,,,,,,,,613,,,
max_positions_reached,BTRUSDT,,2025-11-07 09:30:00,,,,,,,,,,,,,,614,,,
max_positions_reached,HANAUSDT,,2025-11-07 09:30:00,,,,,,,,,,,,,,615,,,
max_positions_reached,BLESSUSDT,,2025-11-07 09:30:00,,,,,,,,,,,,,,616,,,
max_positions_reached,MYXUSDT,,2025-11-07 09:30:00,,,,,,,,,,,,,,617,,,
max_positions_reached,AIAUSDT,,2025-11-07 13:30:00,,,,,,,,,,,,,,618,,,
max_positions_reached,TAUSDT,,2025-11-07 13:30:00,,,,,,,,,,,,,,619,,,
max_positions_reached,RIVERUSDT,,2025-11-07 13:30:00,,,,,,,,,,,,,,620,,,
max_positions_reached,TAGUSDT,,2025-11-07 13:30:00,,,,,,,,,,,,,,621,,,
max_positions_reached,PARTIUSDT,,2025-11-07 13:30:00,,,,,,,,,,,,,,622,,,
max_positions_reached,ARIAUSDT,,2025-11-07 13:30:00,,,,,,,,,,,,,,623,,,
max_positions_reached,KOMAUSDT,,2025-11-08 01:30:00,,,,,,,,,,,,,,624,,,
max_positions_reached,ARIAUSDT,,2025-11-08 01:30:00,,,,,,,,,,,,,,625,,,
max_positions_reached,PARTIUSDT,,2025-11-08 01:30:00,,,,,,,,,,,,,,626,,,
max_positions_reached,ZEREBROUSDT,,2025-11-08 01:30:00,,,,,,,,,,,,,,627,,,
max_positions_reached,CETUSUSDT,,2025-11-08 01:30:00,,,,,,,,,,,,,,628,,,
max_positions_reached,TAGUSDT,,2025-11-08 01:30:00,,,,,,,,,,,,,,629,,,
max_positions_reached,SOMIUSDT,,2025-11-08 01:30:00,,,,,,,,,,,,,,630,,,
max_positions_reached,PUMPBTCUSDT,,2025-11-08 01:30:00,,,,,,,,,,,,,,631,,,
max_positions_reached,GOATUSDT,,2025-11-08 01:30:00,,,,,,,,,,,,,,632,,,
max_positions_reached,BRUSDT,,2025-11-08 01:30:00,,,,,,,,,,,,,,633,,,
max_positions_reached,BONKUSDT,,2025-11-08 01:30:00,,,,,,,,,,,,,,634,,,
max_positions_reached,STBLUSDT,,2025-11-08 01:30:00,,,,,,,,,,,,,,635,,,
max_positions_reached,XPLUSDT,,2025-11-08 01:30:00,,,,,,,,,,,,,,636,,,
max_positions_reached,PIPPINUSDT,,2025-11-08 01:30:00,,,,,,,,,,,,,,637,,,
max_positions_reached,POPCATUSDT,,2025-11-08 01:30:00,,,,,,,,,,,,,,638,,,
max_positions_reached,VINEUSDT,,2025-11-08 01:30:00,,,,,,,,,,,,,,639,,,
max_positions_reached,AVAAIUSDT,,2025-11-08 05:30:00,,,,,,,,,,,,,,640,,,
max_positions_reached,TACUSDT,,2025-11-08 05:30:00,,,,,,,,,,,,,,641,,,
max_positions_reached,PROVEUSDT,,2025-11-08 05:30:00,,,,,,,,,,,,,,642,,,
max_positions_reached,DOLOUSDT,,2025-11-08 05:30:00,,,,,,,,,,,,,,643,,,
max_positions_reached,BIDUSDT,,2025-11-08 05:30:00,,,,,,,,,,,,,,644,,,
max_positions_reached,MOODENGUSDT,,2025-11-08 05:30:00,,,,,,,,,,,,,,645,,,
max_positions_reached,SPXUSDT,,2025-11-08 05:30:00,,,,,,,,,,,,,,646,,,
max_positions_reached,AVNTUSDT,,2025-11-08 05:30:00,,,,,,,,,,,,,,647,,,
max_positions_reached,AIXBTUSDT,,2025-11-08 05:30:00,,,,,,,,,,,,,,648,,,
max_positions_reached,BRETTUSDT,,2025-11-08 05:30:00,,,,,,,,,,,,,,649,,,
max_positions_reached,PIPPINUSDT,,2025-11-08 09:30:00,,,,,,,,,,,,,,650,,,
max_positions_reached,KOMAUSDT,,2025-11-08 09:30:00,,,,,,,,,,,,,,651,,,
max_positions_reached,PARTIUSDT,,2025-11-08 09:30:00,,,,,,,,,,,,,,652,,,
max_positions_reached,SOMIUSDT,,2025-11-08 09:30:00,,,,,,,,,,,,,,653,,,
max_positions_reached,VINEUSDT,,2025-11-08 09:30:00,,,,,,,,,,,,,,654,,,
max_positions_reached,GOATUSDT,,2025-11-08 09:30:00,,,,,,,,,,,,,,655,,,
max_positions_reached,ARIAUSDT,,2025-11-08 09:30:00,,,,,,,,,,,,,,656,,,
max_positions_reached,XPLUSDT,,2025-11-08 09:30:00,,,,,,,,,,,,,,657,,,
max_positions_reached,STBLUSDT,,2025-11-08 09:30:00,,,,,,,,,,,,,,658,,,
max_positions_reached,GIGGLEUSDT,,2025-11-08 09:30:00,,,,,,,,,,,,,,659,,,
max_positions_reached,FARTCOINUSDT,,2025-11-08 09:30:00,,,,,,,,,,,,,,660,,,
max_positions_reached,PENGUUSDT,,2025-11-08 09:30:00,,,,,,,,,,,,,,661,,,
max_positions_reached,BONKUSDT,,2025-11-08 09:30:00,,,,,,,,,,,,,,662,,,
max_positions_reached,BRUSDT,,2025-11-08 13:30:00,,,,,,,,,,,,,,663,,,
max_positions_reached,POPCATUSDT,,2025-11-08 13:30:00,,,,,,,,,,,,,,664,,,
max_positions_reached,CHILLGUYUSDT,,2025-11-08 13:30:00,,,,,,,,,,,,,,665,,,
max_positions_reached,IDOLUSDT,,2025-11-08 13:30:00,,,,,,,,,,,,,,666,,,
max_positions_reached,BRETTUSDT,,2025-11-08 13:30:00,,,,,,,,,,,,,,667,,,
max_positions_reached,AIXBTUSDT,,2025-11-08 13:30:00,,,,,,,,,,,,,,668,,,
max_positions_reached,PROVEUSDT,,2025-11-08 13:30:00,,,,,,,,,,,,,,669,,,
max_positions_reached,BLESSUSDT,,2025-11-08 13:30:00,,,,,,,,,,,,,,670,,,
max_positions_reached,MOODENGUSDT,,2025-11-08 13:30:00,,,,,,,,,,,,,,671,,,
max_positions_reached,CETUSUSDT,,2025-11-08 17:30:00,,,,,,,,,,,,,,672,,,
max_positions_reached,ARIAUSDT,,2025-11-08 17:30:00,,,,,,,,,,,,,,673,,,
max_positions_reached,VINEUSDT,,2025-11-08 17:30:00,,,,,,,,,,,,,,674,,,
max_positions_reached,RATSUSDT,,2025-11-08 17:30:00,,,,,,,,,,,,,,675,,,
max_positions_reached,KOMAUSDT,,2025-11-08 17:30:00,,,,,,,,,,,,,,676,,,
max_positions_reached,SOMIUSDT,,2025-11-08 17:30:00,,,,,,,,,,,,,,677,,,
max_positions_reached,BONKUSDT,,2025-11-08 17:30:00,,,,,,,,,,,,,,678,,,
max_positions_reached,FFUSDT,,2025-11-08 17:30:00,,,,,,,,,,,,,,679,,,
max_positions_reached,PARTIUSDT,,2025-11-08 17:30:00,,,,,,,,,,,,,,680,,,
max_positions_reached,GOATUSDT,,2025-11-08 17:30:00,,,,,,,,,,,,,,681,,,
max_positions_reached,TRUTHUSDT,,2025-11-10 01:30:00,,,,,,,,,,,,,,682,,,
max_positions_reached,RIVERUSDT,,2025-11-10 01:30:00,,,,,,,,,,,,,,683,,,
max_positions_reached,GOATUSDT,,2025-11-10 01:30:00,,,,,,,,,,,,,,684,,,
max_positions_reached,POPCATUSDT,,2025-11-10 05:30:00,,,,,,,,,,,,,,685,,,
max_positions_reached,MOODENGUSDT,,2025-11-10 05:30:00,,,,,,,,,,,,,,686,,,
max_positions_reached,VELVETUSDT,,2025-11-10 05:30:00,,,,,,,,,,,,,,687,,,
max_positions_reached,FARTCOINUSDT,,2025-11-10 05:30:00,,,,,,,,,,,,,,688,,,
max_positions_reached,ARCUSDT,,2025-11-10 05:30:00,,,,,,,,,,,,,,689,,,
max_positions_reached,USELESSUSDT,,2025-11-10 05:30:00,,,,,,,,,,,,,,690,,,
max_positions_reached,NOMUSDT,,2025-11-10 05:30:00,,,,,,,,,,,,,,691,,,
max_positions_reached,SOMIUSDT,,2025-11-11 01:30:00,,,,,,,,,,,,,,692,,,
max_positions_reached,AGTUSDT,,2025-11-11 01:30:00,,,,,,,,,,,,,,693,,,
max_positions_reached,ALCHUSDT,,2025-11-11 01:30:00,,,,,,,,,,,,,,694,,,
max_positions_reached,ICNTUSDT,,2025-11-11 01:30:00,,,,,,,,,,,,,,695,,,
max_positions_reached,EULUSDT,,2025-11-11 01:30:00,,,,,,,,,,,,,,696,,,
max_positions_reached,XANUSDT,,2025-11-11 05:30:00,,,,,,,,,,,,,,697,,,
max_positions_reached,FFUSDT,,2025-11-11 05:30:00,,,,,,,,,,,,,,698,,,
max_positions_reached,BRETTUSDT,,2025-11-11 05:30:00,,,,,,,,,,,,,,699,,,
max_positions_reached,STBLUSDT,,2025-11-11 05:30:00,,,,,,,,,,,,,,700,,,
max_positions_reached,FARTCOINUSDT,,2025-11-11 05:30:00,,,,,,,,,,,,,,701,,,
max_positions_reached,TRUTHUSDT,,2025-11-11 05:30:00,,,,,,,,,,,,,,702,,,
max_positions_reached,USELESSUSDT,,2025-11-11 05:30:00,,,,,,,,,,,,,,703,,,
max_positions_reached,ALCHUSDT,,2025-11-11 09:30:00,,,,,,,,,,,,,,704,,,
max_positions_reached,ICNTUSDT,,2025-11-11 09:30:00,,,,,,,,,,,,,,705,,,
max_positions_reached,PIPPINUSDT,,2025-11-12 01:30:00,,,,,,,,,,,,,,706,,,
max_positions_reached,FARTCOINUSDT,,2025-11-12 01:30:00,,,,,,,,,,,,,,707,,,
max_positions_reached,SOMIUSDT,,2025-11-12 01:30:00,,,,,,,,,,,,,,708,,,
max_positions_reached,ALCHUSDT,,2025-11-12 01:30:00,,,,,,,,,,,,,,709,,,
max_positions_reached,KERNELUSDT,,2025-11-12 05:30:00,,,,,,,,,,,,,,710,,,
max_positions_reached,AGTUSDT,,2025-11-12 05:30:00,,,,,,,,,,,,,,711,,,
max_positions_reached,USELESSUSDT,,2025-11-12 05:30:00,,,,,,,,,,,,,,712,,,
max_positions_reached,TAUSDT,,2025-11-12 05:30:00,,,,,,,,,,,,,,713,,,
max_positions_reached,VINEUSDT,,2025-11-12 05:30:00,,,,,,,,,,,,,,714,,,
max_positions_reached,ICNTUSDT,,2025-11-12 05:30:00,,,,,,,,,,,,,,715,,,
max_positions_reached,BIOUSDT,,2025-11-12 05:30:00,,,,,,,,,,,,,,716,,,
max_positions_reached,ALCHUSDT,,2025-11-12 09:30:00,,,,,,,,,,,,,,717,,,
max_positions_reached,PARTIUSDT,,2025-11-12 09:30:00,,,,,,,,,,,,,,718,,,
max_positions_reached,FFUSDT,,2025-11-12 09:30:00,,,,,,,,,,,,,,719,,,
max_positions_reached,USELESSUSDT,,2025-11-12 13:30:00,,,,,,,,,,,,,,720,,,
max_positions_reached,BIOUSDT,,2025-11-12 13:30:00,,,,,,,,,,,,,,721,,,
max_positions_reached,AKEUSDT,,2025-11-12 13:30:00,,,,,,,,,,,,,,722,,,
max_positions_reached,STOUSDT,,2025-11-12 13:30:00,,,,,,,,,,,,,,723,,,
max_positions_reached,POPCATUSDT,,2025-11-12 13:30:00,,,,,,,,,,,,,,724,,,
max_positions_reached,TAUSDT,,2025-11-12 13:30:00,,,,,,,,,,,,,,725,,,
max_positions_reached,TURTLEUSDT,,2025-11-12 13:30:00,,,,,,,,,,,,,,726,,,
max_positions_reached,METUSDT,,2025-11-12 17:30:00,,,,,,,,,,,,,,727,,,
max_positions_reached,PTBUSDT,,2025-11-12 17:30:00,,,,,,,,,,,,,,728,,,
max_positions_reached,PARTIUSDT,,2025-11-12 17:30:00,,,,,,,,,,,,,,729,,,
max_positions_reached,AEVOUSDT,,2025-11-12 17:30:00,,,,,,,,,,,,,,730,,,
max_positions_reached,ESPORTSUSDT,,2025-11-12 17:30:00,,,,,,,,,,,,,,731,,,
max_positions_reached,VINEUSDT,,2025-11-12 17:30:00,,,,,,,,,,,,,,732,,,
max_positions_reached,PIPPINUSDT,,2025-11-12 21:30:00,,,,,,,,,,,,,,733,,,
max_positions_reached,TAUSDT,,2025-11-12 21:30:00,,,,,,,,,,,,,,734,,,
max_positions_reached,BIOUSDT,,2025-11-12 21:30:00,,,,,,,,,,,,,,735,,,
max_positions_reached,STBLUSDT,,2025-11-12 21:30:00,,,,,,,,,,,,,,736,,,
max_positions_reached,STOUSDT,,2025-11-12 21:30:00,,,,,,,,,,,,,,737,,,
max_positions_reached,TURTLEUSDT,,2025-11-12 21:30:00,,,,,,,,,,,,,,738,,,
max_positions_reached,AKEUSDT,,2025-11-12 21:30:00,,,,,,,,,,,,,,739,,,
max_positions_reached,POPCATUSDT,,2025-11-12 21:30:00,,,,,,,,,,,,,,740,,,
max_positions_reached,KERNELUSDT,,2025-11-12 21:30:00,,,,,,,,,,,,,,741,,,
max_positions_reached,ICNTUSDT,,2025-11-12 21:30:00,,,,,,,,,,,,,,742,,,
max_positions_reached,ASTERUSDT,,2025-11-12 21:30:00,,,,,,,,,,,,,,743,,,
max_positions_reached,MOODENGUSDT,,2025-11-14 01:30:00,,,,,,,,,,,,,,744,,,
max_positions_reached,KOMAUSDT,,2025-11-14 01:30:00,,,,,,,,,,,,,,745,,,
max_positions_reached,HEIUSDT,,2025-11-14 01:30:00,,,,,,,,,,,,,,746,,,
max_positions_reached,VINEUSDT,,2025-11-14 01:30:00,,,,,,,,,,,,,,747,,,
max_positions_reached,ASTERUSDT,,2025-11-14 01:30:00,,,,,,,,,,,,,,748,,,
max_positions_reached,BONKUSDT,,2025-11-14 01:30:00,,,,,,,,,,,,,,749,,,
max_positions_reached,XPINUSDT,,2025-11-14 01:30:00,,,,,,,,,,,,,,750,,,
max_positions_reached,PTBUSDT,,2025-11-14 01:30:00,,,,,,,,,,,,,,751,,,
max_positions_reached,AVNTUSDT,,2025-11-14 01:30:00,,,,,,,,,,,,,,752,,,
max_positions_reached,TACUSDT,,2025-11-14 01:30:00,,,,,,,,,,,,,,753,,,
max_positions_reached,PENGUUSDT,,2025-11-14 01:30:00,,,,,,,,,,,,,,754,,,
max_positions_reached,MOGUSDT,,2025-11-14 01:30:00,,,,,,,,,,,,,,755,,,
max_positions_reached,IDOLUSDT,,2025-11-14 01:30:00,,,,,,,,,,,,,,756,,,
max_positions_reached,FFUSDT,,2025-11-14 01:30:00,,,,,,,,,,,,,,757,,,
max_positions_reached,STBLUSDT,,2025-11-14 01:30:00,,,,,,,,,,,,,,758,,,
max_positions_reached,GRIFFAINUSDT,,2025-11-14 05:30:00,,,,,,,,,,,,,,759,,,
max_positions_reached,STOUSDT,,2025-11-14 05:30:00,,,,,,,,,,,,,,760,,,
max_positions_reached,BANUSDT,,2025-11-14 05:30:00,,,,,,,,,,,,,,761,,,
max_positions_reached,PUMPBTCUSDT,,2025-11-14 05:30:00,,,,,,,,,,,,,,762,,,
max_positions_reached,BRETTUSDT,,2025-11-14 05:30:00,,,,,,,,,,,,,,763,,,
max_positions_reached,TAGUSDT,,2025-11-14 05:30:00,,,,,,,,,,,,,,764,,,
max_positions_reached,POPCATUSDT,,2025-11-14 05:30:00,,,,,,,,,,,,,,765,,,
max_positions_reached,AKEUSDT,,2025-11-14 05:30:00,,,,,,,,,,,,,,766,,,
max_positions_reached,VELVETUSDT,,2025-11-14 05:30:00,,,,,,,,,,,,,,767,,,
max_positions_reached,FFUSDT,,2025-11-14 05:30:00,,,,,,,,,,,,,,768,,,
max_positions_reached,AEVOUSDT,,2025-11-14 05:30:00,,,,,,,,,,,,,,769,,,
max_positions_reached,TURTLEUSDT,,2025-11-14 05:30:00,,,,,,,,,,,,,,770,,,
max_positions_reached,METUSDT,,2025-11-14 05:30:00,,,,,,,,,,,,,,771,,,
max_positions_reached,TRADOORUSDT,,2025-11-17 01:30:00,,,,,,,,,,,,,,772,,,
max_positions_reached,AIOUSDT,,2025-11-17 01:30:00,,,,,,,,,,,,,,773,,,
max_positions_reached,RIVERUSDT,,2025-11-17 05:30:00,,,,,,,,,,,,,,774,,,
max_positions_reached,SOONUSDT,,2025-11-17 05:30:00,,,,,,,,,,,,,,775,,,
max_positions_reached,LIGHTUSDT,,2025-11-17 05:30:00,,,,,,,,,,,,,,776,,,
max_positions_reached,LYNUSDT,,2025-11-17 05:30:00,,,,,,,,,,,,,,777,,,
max_positions_reached,ASTERUSDT,,2025-11-17 05:30:00,,,,,,,,,,,,,,778,,,
max_positions_reached,AIOUSDT,,2025-11-17 09:30:00,,,,,,,,,,,,,,779,,,
max_positions_reached,TRADOORUSDT,,2025-11-17 09:30:00,,,,,,,,,,,,,,780,,,
max_positions_reached,XNYUSDT,,2025-11-17 09:30:00,,,,,,,,,,,,,,781,,,
max_positions_reached,RIVERUSDT,,2025-11-17 13:30:00,,,,,,,,,,,,,,782,,,
max_positions_reached,LIGHTUSDT,,2025-11-17 13:30:00,,,,,,,,,,,,,,783,,,
max_positions_reached,MYXUSDT,,2025-11-17 13:30:00,,,,,,,,,,,,,,784,,,
max_positions_reached,ASTERUSDT,,2025-11-17 13:30:00,,,,,,,,,,,,,,785,,,
max_positions_reached,TRADOORUSDT,,2025-11-18 01:30:00,,,,,,,,,,,,,,786,,,
max_positions_reached,AVAAIUSDT,,2025-11-18 09:30:00,,,,,,,,,,,,,,787,,,
max_positions_reached,BRETTUSDT,,2025-11-18 09:30:00,,,,,,,,,,,,,,788,,,
max_positions_reached,LIGHTUSDT,,2025-11-18 09:30:00,,,,,,,,,,,,,,789,,,
max_positions_reached,XPLUSDT,,2025-11-18 09:30:00,,,,,,,,,,,,,,790,,,
max_positions_reached,JCTUSDT,,2025-11-18 09:30:00,,,,,,,,,,,,,,791,,,
max_positions_reached,XANUSDT,,2025-11-18 13:30:00,,,,,,,,,,,,,,792,,,
max_positions_reached,HEIUSDT,,2025-11-18 13:30:00,,,,,,,,,,,,,,793,,,
max_positions_reached,XNYUSDT,,2025-11-18 13:30:00,,,,,,,,,,,,,,794,,,
max_positions_reached,VFYUSDT,,2025-11-18 13:30:00,,,,,,,,,,,,,,795,,,
max_positions_reached,LIGHTUSDT,,2025-11-18 17:30:00,,,,,,,,,,,,,,796,,,
max_positions_reached,AVAAIUSDT,,2025-11-18 17:30:00,,,,,,,,,,,,,,797,,,
max_positions_reached,AIXBTUSDT,,2025-11-18 17:30:00,,,,,,,,,,,,,,798,,,
max_positions_reached,AKEUSDT,,2025-11-18 17:30:00,,,,,,,,,,,,,,799,,,
max_positions_reached,AGTUSDT,,2025-11-18 17:30:00,,,,,,,,,,,,,,800,,,
max_positions_reached,ASTERUSDT,,2025-11-18 17:30:00,,,,,,,,,,,,,,801,,,
max_positions_reached,FFUSDT,,2025-11-18 17:30:00,,,,,,,,,,,,,,802,,,
max_positions_reached,ASTERUSDT,,2025-11-19 01:30:00,,,,,,,,,,,,,,803,,,
max_positions_reached,FFUSDT,,2025-11-19 01:30:00,,,,,,,,,,,,,,804,,,
max_positions_reached,HEIUSDT,,2025-11-19 01:30:00,,,,,,,,,,,,,,805,,,
max_positions_reached,XANUSDT,,2025-11-19 05:30:00,,,,,,,,,,,,,,806,,,
max_positions_reached,LIGHTUSDT,,2025-11-19 05:30:00,,,,,,,,,,,,,,807,,,
max_positions_reached,SPXUSDT,,2025-11-19 05:30:00,,,,,,,,,,,,,,808,,,
max_positions_reached,VFYUSDT,,2025-11-19 05:30:00,,,,,,,,,,,,,,809,,,
max_positions_reached,XNYUSDT,,2025-11-19 05:30:00,,,,,,,,,,,,,,810,,,
max_positions_reached,AIXBTUSDT,,2025-11-20 05:30:00,,,,,,,,,,,,,,811,,,
max_positions_reached,PENGUUSDT,,2025-11-20 05:30:00,,,,,,,,,,,,,,812,,,
max_positions_reached,PROVEUSDT,,2025-11-20 05:30:00,,,,,,,,,,,,,,813,,,
max_positions_reached,CETUSUSDT,,2025-11-20 05:30:00,,,,,,,,,,,,,,814,,,
max_positions_reached,AVAAIUSDT,,2025-11-20 05:30:00,,,,,,,,,,,,,,815,,,
max_positions_reached,TNSRUSDT,,2025-11-20 05:30:00,,,,,,,,,,,,,,816,,,
max_positions_reached,BASUSDT,,2025-11-20 05:30:00,,,,,,,,,,,,,,817,,,
max_positions_reached,EULUSDT,,2025-11-20 05:30:00,,,,,,,,,,,,,,818,,,
max_positions_reached,MAVIAUSDT,,2025-11-20 05:30:00,,,,,,,,,,,,,,819,,,
max_positions_reached,XPLUSDT,,2025-11-20 05:30:00,,,,,,,,,,,,,,820,,,
max_positions_reached,BONKUSDT,,2025-11-20 05:30:00,,,,,,,,,,,,,,821,,,
max_positions_reached,MOODENGUSDT,,2025-11-20 05:30:00,,,,,,,,,,,,,,822,,,
max_positions_reached,AIOTUSDT,,2025-11-20 09:30:00,,,,,,,,,,,,,,823,,,
max_positions_reached,HEIUSDT,,2025-11-20 09:30:00,,,,,,,,,,,,,,824,,,
max_positions_reached,NAORISUSDT,,2025-11-20 09:30:00,,,,,,,,,,,,,,825,,,
max_positions_reached,BANUSDT,,2025-11-20 09:30:00,,,,,,,,,,,,,,826,,,
max_positions_reached,SPXUSDT,,2025-11-20 09:30:00,,,,,,,,,,,,,,827,,,
max_positions_reached,BTRUSDT,,2025-11-20 09:30:00,,,,,,,,,,,,,,828,,,
max_positions_reached,VFYUSDT,,2025-11-20 09:30:00,,,,,,,,,,,,,,829,,,
max_positions_reached,STOUSDT,,2025-11-20 09:30:00,,,,,,,,,,,,,,830,,,
max_positions_reached,FARTCOINUSDT,,2025-11-20 09:30:00,,,,,,,,,,,,,,831,,,
max_positions_reached,MYXUSDT,,2025-11-20 09:30:00,,,,,,,,,,,,,,832,,,
max_positions_reached,ZORAUSDT,,2025-11-20 09:30:00,,,,,,,,,,,,,,833,,,
max_positions_reached,DOLOUSDT,,2025-11-20 09:30:00,,,,,,,,,,,,,,834,,,
max_positions_reached,TNSRUSDT,,2025-11-20 13:30:00,,,,,,,,,,,,,,835,,,
max_positions_reached,BASUSDT,,2025-11-20 13:30:00,,,,,,,,,,,,,,836,,,
max_positions_reached,ALCHUSDT,,2025-11-20 13:30:00,,,,,,,,,,,,,,837,,,
max_positions_reached,AGTUSDT,,2025-11-20 13:30:00,,,,,,,,,,,,,,838,,,
max_positions_reached,STOUSDT,,2025-11-21 17:30:00,,,,,,,,,,,,,,839,,,
max_positions_reached,XANUSDT,,2025-11-21 17:30:00,,,,,,,,,,,,,,840,,,
max_positions_reached,CETUSUSDT,,2025-11-21 17:30:00,,,,,,,,,,,,,,841,,,
max_positions_reached,POPCATUSDT,,2025-11-21 17:30:00,,,,,,,,,,,,,,842,,,
max_positions_reached,FFUSDT,,2025-11-21 17:30:00,,,,,,,,,,,,,,843,,,
max_positions_reached,XNYUSDT,,2025-11-21 17:30:00,,,,,,,,,,,,,,844,,,
max_positions_reached,CHILLGUYUSDT,,2025-11-21 17:30:00,,,,,,,,,,,,,,845,,,
max_positions_reached,PROVEUSDT,,2025-11-21 17:30:00,,,,,,,,,,,,,,846,,,
max_positions_reached,BIOUSDT,,2025-11-21 17:30:00,,,,,,,,,,,,,,847,,,
max_positions_reached,BONKUSDT,,2025-11-21 17:30:00,,,,,,,,,,,,,,848,,,
max_positions_reached,CCUSDT,,2025-11-21 17:30:00,,,,,,,,,,,,,,849,,,
max_positions_reached,SQDUSDT,,2025-11-21 17:30:00,,,,,,,,,,,,,,850,,,
max_positions_reached,NOMUSDT,,2025-11-21 17:30:00,,,,,,,,,,,,,,851,,,
max_positions_reached,GIGGLEUSDT,,2025-11-21 17:30:00,,,,,,,,,,,,,,852,,,
max_positions_reached,HEIUSDT,,2025-11-21 17:30:00,,,,,,,,,,,,,,853,,,
max_positions_reached,KERNELUSDT,,2025-11-21 21:30:00,,,,,,,,,,,,,,854,,,
max_positions_reached,ZORAUSDT,,2025-11-21 21:30:00,,,,,,,,,,,,,,855,,,
max_positions_reached,GOATUSDT,,2025-11-21 21:30:00,,,,,,,,,,,,,,856,,,
max_positions_reached,COAIUSDT,,2025-11-21 21:30:00,,,,,,,,,,,,,,857,,,
max_positions_reached,IDOLUSDT,,2025-11-21 21:30:00,,,,,,,,,,,,,,858,,,
max_positions_reached,MONUSDT,,2025-11-21 21:30:00,,,,,,,,,,,,,,859,,,
max_positions_reached,XPLUSDT,,2025-11-21 21:30:00,,,,,,,,,,,,,,860,,,
max_positions_reached,SPXUSDT,,2025-11-21 21:30:00,,,,,,,,,,,,,,861,,,
max_positions_reached,SOMIUSDT,,2025-11-21 21:30:00,,,,,,,,,,,,,,862,,,
max_positions_reached,PUMPBTCUSDT,,2025-11-21 21:30:00,,,,,,,,,,,,,,863,,,
max_positions_reached,ESPORTSUSDT,,2025-11-21 21:30:00,,,,,,,,,,,,,,864,,,
max_positions_reached,AVNTUSDT,,2025-11-21 21:30:00,,,,,,,,,,,,,,865,,,
max_positions_reached,TAUSDT,,2025-11-21 21:30:00,,,,,,,,,,,,,,866,,,
max_positions_reached,PENGUUSDT,,2025-11-21 21:30:00,,,,,,,,,,,,,,867,,,
max_positions_reached,MOODENGUSDT,,2025-11-21 21:30:00,,,,,,,,,,,,,,868,,,
max_positions_reached,POPCATUSDT,,2025-11-22 01:30:00,,,,,,,,,,,,,,869,,,
max_positions_reached,SQDUSDT,,2025-11-22 01:30:00,,,,,,,,,,,,,,870,,,
max_positions_reached,FFUSDT,,2025-11-22 01:30:00,,,,,,,,,,,,,,871,,,
max_positions_reached,AIXBTUSDT,,2025-11-22 01:30:00,,,,,,,,,,,,,,872,,,
max_positions_reached,VINEUSDT,,2025-11-22 01:30:00,,,,,,,,,,,,,,873,,,
max_positions_reached,BONKUSDT,,2025-11-22 01:30:00,,,,,,,,,,,,,,874,,,
max_positions_reached,ARCUSDT,,2025-11-22 01:30:00,,,,,,,,,,,,,,875,,,
max_positions_reached,PROVEUSDT,,2025-11-22 01:30:00,,,,,,,,,,,,,,876,,,
max_positions_reached,STOUSDT,,2025-11-22 01:30:00,,,,,,,,,,,,,,877,,,
max_positions_reached,XPINUSDT,,2025-11-22 01:30:00,,,,,,,,,,,,,,878,,,
max_positions_reached,HEIUSDT,,2025-11-22 01:30:00,,,,,,,,,,,,,,879,,,
max_positions_reached,TRUSTUSDT,,2025-11-22 01:30:00,,,,,,,,,,,,,,880,,,
max_positions_reached,GRIFFAINUSDT,,2025-11-22 01:30:00,,,,,,,,,,,,,,881,,,
max_positions_reached,BIOUSDT,,2025-11-22 01:30:00,,,,,,,,,,,,,,882,,,
max_positions_reached,CCUSDT,,2025-11-22 01:30:00,,,,,,,,,,,,,,883,,,
max_positions_reached,SAPIENUSDT,,2025-11-22 01:30:00,,,,,,,,,,,,,,884,,,
max_positions_reached,CHILLGUYUSDT,,2025-11-22 01:30:00,,,,,,,,,,,,,,885,,,
max_positions_reached,LABUSDT,,2025-11-22 01:30:00,,,,,,,,,,,,,,886,,,
max_positions_reached,FARTCOINUSDT,,2025-11-22 01:30:00,,,,,,,,,,,,,,887,,,
max_positions_reached,NAORISUSDT,,2025-11-25 01:30:00,,,,,,,,,,,,,,888,,,
max_positions_reached,XPINUSDT,,2025-11-25 01:30:00,,,,,,,,,,,,,,889,,,
max_positions_reached,ICNTUSDT,,2025-11-25 01:30:00,,,,,,,,,,,,,,890,,,
max_positions_reached,COMMONUSDT,,2025-11-25 01:30:00,,,,,,,,,,,,,,891,,,
max_positions_reached,GRIFFAINUSDT,,2025-11-25 01:30:00,,,,,,,,,,,,,,892,,,
max_positions_reached,BIDUSDT,,2025-11-25 01:30:00,,,,,,,,,,,,,,893,,,
max_positions_reached,XNYUSDT,,2025-11-25 05:30:00,,,,,,,,,,,,,,894,,,
max_positions_reached,CHILLGUYUSDT,,2025-11-25 05:30:00,,,,,,,,,,,,,,895,,,
max_positions_reached,AIOUSDT,,2025-11-25 05:30:00,,,,,,,,,,,,,,896,,,
max_positions_reached,PARTIUSDT,,2025-11-25 05:30:00,,,,,,,,,,,,,,897,,,
max_positions_reached,SPXUSDT,,2025-11-25 05:30:00,,,,,,,,,,,,,,898,,,
max_positions_reached,PIPPINUSDT,,2025-11-25 09:30:00,,,,,,,,,,,,,,899,,,
max_positions_reached,NAORISUSDT,,2025-11-25 09:30:00,,,,,,,,,,,,,,900,,,
max_positions_reached,MOGUSDT,,2025-11-27 05:30:00,,,,,,,,,,,,,,901,,,
max_positions_reached,TAGUSDT,,2025-11-27 05:30:00,,,,,,,,,,,,,,902,,,
max_positions_reached,STBLUSDT,,2025-11-27 05:30:00,,,,,,,,,,,,,,903,,,
max_positions_reached,POPCATUSDT,,2025-11-27 05:30:00,,,,,,,,,,,,,,904,,,
max_positions_reached,AGTUSDT,,2025-11-27 05:30:00,,,,,,,,,,,,,,905,,,
max_positions_reached,USELESSUSDT,,2025-11-27 05:30:00,,,,,,,,,,,,,,906,,,
max_positions_reached,HANAUSDT,,2025-11-27 05:30:00,,,,,,,,,,,,,,907,,,
max_positions_reached,MOODENGUSDT,,2025-11-27 05:30:00,,,,,,,,,,,,,,908,,,
max_positions_reached,PENGUUSDT,,2025-11-27 05:30:00,,,,,,,,,,,,,,909,,,
max_positions_reached,IDOLUSDT,,2025-11-27 05:30:00,,,,,,,,,,,,,,910,,,
max_positions_reached,MONUSDT,,2025-11-27 05:30:00,,,,,,,,,,,,,,911,,,
max_positions_reached,SQDUSDT,,2025-11-27 05:30:00,,,,,,,,,,,,,,912,,,
max_positions_reached,XPLUSDT,,2025-11-27 05:30:00,,,,,,,,,,,,,,913,,,
max_positions_reached,GRIFFAINUSDT,,2025-12-01 05:30:00,,,,,,,,,,,,,,914,,,
max_positions_reached,IDOLUSDT,,2025-12-01 05:30:00,,,,,,,,,,,,,,915,,,
max_positions_reached,GIGGLEUSDT,,2025-12-01 05:30:00,,,,,,,,,,,,,,916,,,
max_positions_reached,VFYUSDT,,2025-12-01 05:30:00,,,,,,,,,,,,,,917,,,
max_positions_reached,BRUSDT,,2025-12-01 05:30:00,,,,,,,,,,,,,,918,,,
max_positions_reached,LABUSDT,,2025-12-01 05:30:00,,,,,,,,,,,,,,919,,,
max_positions_reached,PIPPINUSDT,,2025-12-01 05:30:00,,,,,,,,,,,,,,920,,,
max_positions_reached,BIDUSDT,,2025-12-01 05:30:00,,,,,,,,,,,,,,921,,,
max_positions_reached,EULUSDT,,2025-12-01 05:30:00,,,,,,,,,,,,,,922,,,
max_positions_reached,AEVOUSDT,,2025-12-01 09:30:00,,,,,,,,,,,,,,923,,,
max_positions_reached,NOMUSDT,,2025-12-01 09:30:00,,,,,,,,,,,,,,924,,,
max_positions_reached,BIOUSDT,,2025-12-01 09:30:00,,,,,,,,,,,,,,925,,,
max_positions_reached,BONKUSDT,,2025-12-01 09:30:00,,,,,,,,,,,,,,926,,,
max_positions_reached,MAVIAUSDT,,2025-12-01 09:30:00,,,,,,,,,,,,,,927,,,
max_positions_reached,CETUSUSDT,,2025-12-01 09:30:00,,,,,,,,,,,,,,928,,,
max_positions_reached,BRETTUSDT,,2025-12-01 09:30:00,,,,,,,,,,,,,,929,,,
max_positions_reached,VINEUSDT,,2025-12-01 09:30:00,,,,,,,,,,,,,,930,,,
max_positions_reached,PENGUUSDT,,2025-12-01 09:30:00,,,,,,,,,,,,,,931,,,
max_positions_reached,MOODENGUSDT,,2025-12-01 09:30:00,,,,,,,,,,,,,,932,,,
max_positions_reached,MYXUSDT,,2025-12-01 09:30:00,,,,,,,,,,,,,,933,,,
max_positions_reached,ALCHUSDT,,2025-12-01 09:30:00,,,,,,,,,,,,,,934,,,
max_positions_reached,FARTCOINUSDT,,2025-12-01 09:30:00,,,,,,,,,,,,,,935,,,
max_positions_reached,AGTUSDT,,2025-12-01 09:30:00,,,,,,,,,,,,,,936,,,
max_positions_reached,TRADOORUSDT,,2025-12-01 09:30:00,,,,,,,,,,,,,,937,,,
max_positions_reached,TURTLEUSDT,,2025-12-01 13:30:00,,,,,,,,,,,,,,938,,,
max_positions_reached,LYNUSDT,,2025-12-01 13:30:00,,,,,,,,,,,,,,939,,,
max_positions_reached,BLESSUSDT,,2025-12-01 13:30:00,,,,,,,,,,,,,,940,,,
max_positions_reached,NAORISUSDT,,2025-12-01 13:30:00,,,,,,,,,,,,,,941,,,
max_positions_reached,GRIFFAINUSDT,,2025-12-01 13:30:00,,,,,,,,,,,,,,942,,,
max_positions_reached,SENTUSDT,,2025-12-01 13:30:00,,,,,,,,,,,,,,943,,,
max_positions_reached,KOMAUSDT,,2025-12-01 13:30:00,,,,,,,,,,,,,,944,,,
max_positions_reached,PIPPINUSDT,,2025-12-01 13:30:00,,,,,,,,,,,,,,945,,,
max_positions_reached,BIDUSDT,,2025-12-01 13:30:00,,,,,,,,,,,,,,946,,,
max_positions_reached,HIPPOUSDT,,2025-12-01 13:30:00,,,,,,,,,,,,,,947,,,
max_positions_reached,COAIUSDT,,2025-12-01 13:30:00,,,,,,,,,,,,,,948,,,
max_positions_reached,MOGUSDT,,2025-12-01 13:30:00,,,,,,,,,,,,,,949,,,
max_positions_reached,ASTERUSDT,,2025-12-01 13:30:00,,,,,,,,,,,,,,950,,,
max_positions_reached,VFYUSDT,,2025-12-01 13:30:00,,,,,,,,,,,,,,951,,,
max_positions_reached,LABUSDT,,2025-12-01 13:30:00,,,,,,,,,,,,,,952,,,
max_positions_reached,VINEUSDT,,2025-12-03 17:30:00,,,,,,,,,,,,,,953,,,
max_positions_reached,STOUSDT,,2025-12-03 17:30:00,,,,,,,,,,,,,,954,,,
max_positions_reached,SPXUSDT,,2025-12-03 17:30:00,,,,,,,,,,,,,,955,,,
max_positions_reached,LIGHTUSDT,,2025-12-03 17:30:00,,,,,,,,,,,,,,956,,,
max_positions_reached,ZEREBROUSDT,,2025-12-03 17:30:00,,,,,,,,,,,,,,957,,,
max_positions_reached,PENGUUSDT,,2025-12-03 17:30:00,,,,,,,,,,,,,,958,,,
max_positions_reached,BONKUSDT,,2025-12-03 17:30:00,,,,,,,,,,,,,,959,,,
max_positions_reached,EULUSDT,,2025-12-03 17:30:00,,,,,,,,,,,,,,960,,,
max_positions_reached,ALCHUSDT,,2025-12-03 17:30:00,,,,,,,,,,,,,,961,,,
max_positions_reached,HIPPOUSDT,,2025-12-03 17:30:00,,,,,,,,,,,,,,962,,,
max_positions_reached,AVNTUSDT,,2025-12-03 21:30:00,,,,,,,,,,,,,,963,,,
max_positions_reached,UAIUSDT,,2025-12-03 21:30:00,,,,,,,,,,,,,,964,,,
max_positions_reached,MYXUSDT,,2025-12-03 21:30:00,,,,,,,,,,,,,,965,,,
max_positions_reached,CETUSUSDT,,2025-12-03 21:30:00,,,,,,,,,,,,,,966,,,
max_positions_reached,KERNELUSDT,,2025-12-03 21:30:00,,,,,,,,,,,,,,967,,,
max_positions_reached,ASTERUSDT,,2025-12-03 21:30:00,,,,,,,,,,,,,,968,,,
max_positions_reached,JELLYJELLYUSDT,,2025-12-03 21:30:00,,,,,,,,,,,,,,969,,,
max_positions_reached,XPINUSDT,,2025-12-03 21:30:00,,,,,,,,,,,,,,970,,,
max_positions_reached,MAVIAUSDT,,2025-12-03 21:30:00,,,,,,,,,,,,,,971,,,
max_positions_reached,GIGGLEUSDT,,2025-12-03 21:30:00,,,,,,,,,,,,,,972,,,
max_positions_reached,FFUSDT,,2025-12-03 21:30:00,,,,,,,,,,,,,,973,,,
max_positions_reached,MOODENGUSDT,,2025-12-03 21:30:00,,,,,,,,,,,,,,974,,,
max_positions_reached,BASUSDT,,2025-12-03 21:30:00,,,,,,,,,,,,,,975,,,
max_positions_reached,JCTUSDT,,2025-12-03 21:30:00,,,,,,,,,,,,,,976,,,
max_positions_reached,AIOTUSDT,,2025-12-03 21:30:00,,,,,,,,,,,,,,977,,,
max_positions_reached,BRUSDT,,2025-12-04 01:30:00,,,,,,,,,,,,,,978,,,
max_positions_reached,PUMPBTCUSDT,,2025-12-04 01:30:00,,,,,,,,,,,,,,979,,,
max_positions_reached,LIGHTUSDT,,2025-12-04 01:30:00,,,,,,,,,,,,,,980,,,
max_positions_reached,BRETTUSDT,,2025-12-04 01:30:00,,,,,,,,,,,,,,981,,,
max_positions_reached,ZEREBROUSDT,,2025-12-04 01:30:00,,,,,,,,,,,,,,982,,,
max_positions_reached,ALCHUSDT,,2025-12-04 01:30:00,,,,,,,,,,,,,,983,,,
max_positions_reached,PTBUSDT,,2025-12-04 01:30:00,,,,,,,,,,,,,,984,,,
max_positions_reached,SAPIENUSDT,,2025-12-04 01:30:00,,,,,,,,,,,,,,985,,,
max_positions_reached,USELESSUSDT,,2025-12-04 01:30:00,,,,,,,,,,,,,,986,,,
max_positions_reached,SENTUSDT,,2025-12-08 01:30:00,,,,,,,,,,,,,,987,,,
max_positions_reached,AEVOUSDT,,2025-12-08 01:30:00,,,,,,,,,,,,,,988,,,
max_positions_reached,ALCHUSDT,,2025-12-08 01:30:00,,,,,,,,,,,,,,989,,,
max_positions_reached,AKEUSDT,,2025-12-08 01:30:00,,,,,,,,,,,,,,990,,,
max_positions_reached,TRUTHUSDT,,2025-12-08 01:30:00,,,,,,,,,,,,,,991,,,
max_positions_reached,IDOLUSDT,,2025-12-08 01:30:00,,,,,,,,,,,,,,992,,,
max_positions_reached,CLOUSDT,,2025-12-08 01:30:00,,,,,,,,,,,,,,993,,,
max_positions_reached,PIPPINUSDT,,2025-12-08 05:30:00,,,,,,,,,,,,,,994,,,
max_positions_reached,ASTERUSDT,,2025-12-08 05:30:00,,,,,,,,,,,,,,995,,,
max_positions_reached,PENGUUSDT,,2025-12-08 05:30:00,,,,,,,,,,,,,,996,,,
max_positions_reached,TURTLEUSDT,,2025-12-08 05:30:00,,,,,,,,,,,,,,997,,,
max_positions_reached,BRETTUSDT,,2025-12-08 05:30:00,,,,,,,,,,,,,,998,,,
max_positions_reached,POPCATUSDT,,2025-12-08 05:30:00,,,,,,,,,,,,,,999,,,
max_positions_reached,NOMUSDT,,2025-12-08 05:30:00,,,,,,,,,,,,,,1000,,,
max_positions_reached,CETUSUSDT,,2025-12-08 05:30:00,,,,,,,,,,,,,,1001,,,
max_positions_reached,KERNELUSDT,,2025-12-08 09:30:00,,,,,,,,,,,,,,1002,,,
max_positions_reached,STBLUSDT,,2025-12-08 09:30:00,,,,,,,,,,,,,,1003,,,
max_positions_reached,STOUSDT,,2025-12-08 09:30:00,,,,,,,,,,,,,,1004,,,
max_positions_reached,BIOUSDT,,2025-12-08 09:30:00,,,,,,,,,,,,,,1005,,,
max_positions_reached,SENTUSDT,,2025-12-08 09:30:00,,,,,,,,,,,,,,1006,,,
max_positions_reached,IDOLUSDT,,2025-12-08 09:30:00,,,,,,,,,,,,,,1007,,,
max_positions_reached,SOMIUSDT,,2025-12-08 09:30:00,,,,,,,,,,,,,,1008,,,
max_positions_reached,CLOUSDT,,2025-12-08 09:30:00,,,,,,,,,,,,,,1009,,,
max_positions_reached,AIXBTUSDT,,2025-12-08 09:30:00,,,,,,,,,,,,,,1010,,,
max_positions_reached,AVNTUSDT,,2025-12-08 09:30:00,,,,,,,,,,,,,,1011,,,
max_positions_reached,UBUSDT,,2025-12-08 13:30:00,,,,,,,,,,,,,,1012,,,
max_positions_reached,CETUSUSDT,,2025-12-08 13:30:00,,,,,,,,,,,,,,1013,,,
max_positions_reached,POPCATUSDT,,2025-12-08 13:30:00,,,,,,,,,,,,,,1014,,,
max_positions_reached,AIOTUSDT,,2025-12-08 13:30:00,,,,,,,,,,,,,,1015,,,
max_positions_reached,NOMUSDT,,2025-12-08 13:30:00,,,,,,,,,,,,,,1016,,,
max_positions_reached,BRETTUSDT,,2025-12-08 13:30:00,,,,,,,,,,,,,,1017,,,
max_positions_reached,BONKUSDT,,2025-12-08 13:30:00,,,,,,,,,,,,,,1018,,,
max_positions_reached,SPXUSDT,,2025-12-11 01:30:00,,,,,,,,,,,,,,1019,,,
max_positions_reached,PIPPINUSDT,,2025-12-11 01:30:00,,,,,,,,,,,,,,1020,,,
max_positions_reached,LYNUSDT,,2025-12-11 01:30:00,,,,,,,,,,,,,,1021,,,
max_positions_reached,CETUSUSDT,,2025-12-11 01:30:00,,,,,,,,,,,,,,1022,,,
max_positions_reached,AEVOUSDT,,2025-12-11 01:30:00,,,,,,,,,,,,,,1023,,,
max_positions_reached,AVNTUSDT,,2025-12-11 01:30:00,,,,,,,,,,,,,,1024,,,
max_positions_reached,TRUTHUSDT,,2025-12-11 01:30:00,,,,,,,,,,,,,,1025,,,
max_positions_reached,CLOUSDT,,2025-12-11 05:30:00,,,,,,,,,,,,,,1026,,,
max_positions_reached,VFYUSDT,,2025-12-11 05:30:00,,,,,,,,,,,,,,1027,,,
max_positions_reached,SENTUSDT,,2025-12-11 05:30:00,,,,,,,,,,,,,,1028,,,
max_positions_reached,MAVIAUSDT,,2025-12-11 05:30:00,,,,,,,,,,,,,,1029,,,
max_positions_reached,XPLUSDT,,2025-12-11 05:30:00,,,,,,,,,,,,,,1030,,,
max_positions_reached,FOLKSUSDT,,2025-12-11 05:30:00,,,,,,,,,,,,,,1031,,,
max_positions_reached,RATSUSDT,,2025-12-11 05:30:00,,,,,,,,,,,,,,1032,,,
max_positions_reached,JCTUSDT,,2025-12-11 05:30:00,,,,,,,,,,,,,,1033,,,
max_positions_reached,SQDUSDT,,2025-12-11 05:30:00,,,,,,,,,,,,,,1034,,,
max_positions_reached,RIVERUSDT,,2025-12-11 05:30:00,,,,,,,,,,,,,,1035,,,
max_positions_reached,ZORAUSDT,,2025-12-11 05:30:00,,,,,,,,,,,,,,1036,,,
max_positions_reached,METUSDT,,2025-12-11 05:30:00,,,,,,,,,,,,,,1037,,,
max_positions_reached,BIOUSDT,,2025-12-11 05:30:00,,,,,,,,,,,,,,1038,,,
max_positions_reached,VINEUSDT,,2025-12-11 17:30:00,,,,,,,,,,,,,,1039,,,
max_positions_reached,XANUSDT,,2025-12-11 17:30:00,,,,,,,,,,,,,,1040,,,
max_positions_reached,BRUSDT,,2025-12-11 17:30:00,,,,,,,,,,,,,,1041,,,
max_positions_reached,GIGGLEUSDT,,2025-12-11 17:30:00,,,,,,,,,,,,,,1042,,,
max_positions_reached,SPXUSDT,,2025-12-11 17:30:00,,,,,,,,,,,,,,1043,,,
max_positions_reached,AIAUSDT,,2025-12-11 17:30:00,,,,,,,,,,,,,,1044,,,
max_positions_reached,BASUSDT,,2025-12-11 17:30:00,,,,,,,,,,,,,,1045,,,
max_positions_reached,JELLYJELLYUSDT,,2025-12-11 17:30:00,,,,,,,,,,,,,,1046,,,
max_positions_reached,TRUTHUSDT,,2025-12-11 17:30:00,,,,,,,,,,,,,,1047,,,
max_positions_reached,ESPORTSUSDT,,2025-12-11 21:30:00,,,,,,,,,,,,,,1048,,,
max_positions_reached,SENTUSDT,,2025-12-11 21:30:00,,,,,,,,,,,,,,1049,,,
max_positions_reached,XPINUSDT,,2025-12-11 21:30:00,,,,,,,,,,,,,,1050,,,
max_positions_reached,MYXUSDT,,2025-12-11 21:30:00,,,,,,,,,,,,,,1051,,,
max_positions_reached,DOLOUSDT,,2025-12-11 21:30:00,,,,,,,,,,,,,,1052,,,
max_positions_reached,METUSDT,,2025-12-11 21:30:00,,,,,,,,,,,,,,1053,,,
max_positions_reached,JCTUSDT,,2025-12-11 21:30:00,,,,,,,,,,,,,,1054,,,
max_positions_reached,AEVOUSDT,,2025-12-11 21:30:00,,,,,,,,,,,,,,1055,,,
max_positions_reached,RIVERUSDT,,2025-12-11 21:30:00,,,,,,,,,,,,,,1056,,,
max_positions_reached,UBUSDT,,2025-12-11 21:30:00,,,,,,,,,,,,,,1057,,,
max_positions_reached,BIOUSDT,,2025-12-11 21:30:00,,,,,,,,,,,,,,1058,,,
max_positions_reached,AVNTUSDT,,2025-12-11 21:30:00,,,,,,,,,,,,,,1059,,,
max_positions_reached,RATSUSDT,,2025-12-11 21:30:00,,,,,,,,,,,,,,1060,,,
max_positions_reached,TURTLEUSDT,,2025-12-12 01:30:00,,,,,,,,,,,,,,1061,,,
max_positions_reached,KOMAUSDT,,2025-12-12 01:30:00,,,,,,,,,,,,,,1062,,,
max_positions_reached,BANUSDT,,2025-12-12 01:30:00,,,,,,,,,,,,,,1063,,,
max_positions_reached,MAVIAUSDT,,2025-12-12 01:30:00,,,,,,,,,,,,,,1064,,,
max_positions_reached,VINEUSDT,,2025-12-12 01:30:00,,,,,,,,,,,,,,1065,,,
max_positions_reached,CETUSUSDT,,2025-12-12 01:30:00,,,,,,,,,,,,,,1066,,,
max_positions_reached,AIXBTUSDT,,2025-12-12 01:30:00,,,,,,,,,,,,,,1067,,,
max_positions_reached,JELLYJELLYUSDT,,2025-12-12 01:30:00,,,,,,,,,,,,,,1068,,,
max_positions_reached,FFUSDT,,2025-12-12 01:30:00,,,,,,,,,,,,,,1069,,,
max_positions_reached,LIGHTUSDT,,2025-12-12 01:30:00,,,,,,,,,,,,,,1070,,,
max_positions_reached,SPXUSDT,,2025-12-12 01:30:00,,,,,,,,,,,,,,1071,,,
max_positions_reached,SOMIUSDT,,2025-12-12 01:30:00,,,,,,,,,,,,,,1072,,,
max_positions_reached,ICNTUSDT,,2025-12-12 01:30:00,,,,,,,,,,,,,,1073,,,
max_positions_reached,SAPIENUSDT,,2025-12-12 01:30:00,,,,,,,,,,,,,,1074,,,
max_positions_reached,TRUTHUSDT,,2025-12-12 01:30:00,,,,,,,,,,,,,,1075,,,
max_positions_reached,BASUSDT,,2025-12-12 01:30:00,,,,,,,,,,,,,,1076,,,
max_positions_reached,XPINUSDT,,2025-12-12 05:30:00,,,,,,,,,,,,,,1077,,,
max_positions_reached,KERNELUSDT,,2025-12-12 05:30:00,,,,,,,,,,,,,,1078,,,
max_positions_reached,DOLOUSDT,,2025-12-12 05:30:00,,,,,,,,,,,,,,1079,,,
max_positions_reached,AEVOUSDT,,2025-12-12 05:30:00,,,,,,,,,,,,,,1080,,,
max_positions_reached,UAIUSDT,,2025-12-12 05:30:00,,,,,,,,,,,,,,1081,,,
max_positions_reached,SQDUSDT,,2025-12-12 05:30:00,,,,,,,,,,,,,,1082,,,
max_positions_reached,BIOUSDT,,2025-12-12 05:30:00,,,,,,,,,,,,,,1083,,,
max_positions_reached,AVNTUSDT,,2025-12-12 05:30:00,,,,,,,,,,,,,,1084,,,
max_positions_reached,RIVERUSDT,,2025-12-12 05:30:00,,,,,,,,,,,,,,1085,,,
max_positions_reached,PENGUUSDT,,2025-12-12 05:30:00,,,,,,,,,,,,,,1086,,,
max_positions_reached,JCTUSDT,,2025-12-12 05:30:00,,,,,,,,,,,,,,1087,,,
max_positions_reached,MYXUSDT,,2025-12-12 05:30:00,,,,,,,,,,,,,,1088,,,
max_positions_reached,UBUSDT,,2025-12-12 05:30:00,,,,,,,,,,,,,,1089,,,
max_positions_reached,USELESSUSDT,,2025-12-12 05:30:00,,,,,,,,,,,,,,1090,,,
max_positions_reached,ZORAUSDT,,2025-12-12 05:30:00,,,,,,,,,,,,,,1091,,,
max_positions_reached,TRUSTUSDT,,2025-12-15 09:30:00,,,,,,,,,,,,,,1092,,,
max_positions_reached,UAIUSDT,,2025-12-15 09:30:00,,,,,,,,,,,,,,1093,,,
max_positions_reached,AVAAIUSDT,,2025-12-15 09:30:00,,,,,,,,,,,,,,1094,,,
max_positions_reached,BANUSDT,,2025-12-15 09:30:00,,,,,,,,,,,,,,1095,,,
max_positions_reached,AIOUSDT,,2025-12-15 09:30:00,,,,,,,,,,,,,,1096,,,
max_positions_reached,ARCUSDT,,2025-12-15 09:30:00,,,,,,,,,,,,,,1097,,,
max_positions_reached,RIVERUSDT,,2025-12-15 09:30:00,,,,,,,,,,,,,,1098,,,
max_positions_reached,BASUSDT,,2025-12-15 09:30:00,,,,,,,,,,,,,,1099,,,
max_positions_reached,KERNELUSDT,,2025-12-16 05:30:00,,,,,,,,,,,,,,1100,,,
max_positions_reached,GOATUSDT,,2025-12-16 05:30:00,,,,,,,,,,,,,,1101,,,
max_positions_reached,NOMUSDT,,2025-12-16 05:30:00,,,,,,,,,,,,,,1102,,,
max_positions_reached,MOGUSDT,,2025-12-16 05:30:00,,,,,,,,,,,,,,1103,,,
max_positions_reached,PTBUSDT,,2025-12-16 05:30:00,,,,,,,,,,,,,,1104,,,
max_positions_reached,AGTUSDT,,2025-12-16 05:30:00,,,,,,,,,,,,,,1105,,,
max_positions_reached,UAIUSDT,,2025-12-16 05:30:00,,,,,,,,,,,,,,1106,,,
max_positions_reached,PIPPINUSDT,,2025-12-16 05:30:00,,,,,,,,,,,,,,1107,,,
max_positions_reached,COMMONUSDT,,2025-12-16 05:30:00,,,,,,,,,,,,,,1108,,,
max_positions_reached,ZEREBROUSDT,,2025-12-16 05:30:00,,,,,,,,,,,,,,1109,,,
max_positions_reached,PARTIUSDT,,2025-12-16 05:30:00,,,,,,,,,,,,,,1110,,,
max_positions_reached,FOLKSUSDT,,2025-12-16 05:30:00,,,,,,,,,,,,,,1111,,,
max_positions_reached,JELLYJELLYUSDT,,2025-12-16 05:30:00,,,,,,,,,,,,,,1112,,,
max_positions_reached,AVAAIUSDT,,2025-12-16 05:30:00,,,,,,,,,,,,,,1113,,,
max_positions_reached,MYXUSDT,,2025-12-16 05:30:00,,,,,,,,,,,,,,1114,,,
max_positions_reached,CHILLGUYUSDT,,2025-12-18 21:30:00,,,,,,,,,,,,,,1115,,,
max_positions_reached,SPXUSDT,,2025-12-18 21:30:00,,,,,,,,,,,,,,1116,,,
max_positions_reached,GOATUSDT,,2025-12-18 21:30:00,,,,,,,,,,,,,,1117,,,
max_positions_reached,BRETTUSDT,,2025-12-18 21:30:00,,,,,,,,,,,,,,1118,,,
max_positions_reached,BONKUSDT,,2025-12-18 21:30:00,,,,,,,,,,,,,,1119,,,
max_positions_reached,ZORAUSDT,,2025-12-18 21:30:00,,,,,,,,,,,,,,1120,,,
max_positions_reached,EVAAUSDT,,2025-12-18 21:30:00,,,,,,,,,,,,,,1121,,,
max_positions_reached,FARTCOINUSDT,,2025-12-18 21:30:00,,,,,,,,,,,,,,1122,,,
max_positions_reached,KERNELUSDT,,2025-12-18 21:30:00,,,,,,,,,,,,,,1123,,,
max_positions_reached,POPCATUSDT,,2025-12-18 21:30:00,,,,,,,,,,,,,,1124,,,
max_positions_reached,STBLUSDT,,2025-12-18 21:30:00,,,,,,,,,,,,,,1125,,,
max_positions_reached,PENGUUSDT,,2025-12-18 21:30:00,,,,,,,,,,,,,,1126,,,
max_positions_reached,CYSUSDT,,2025-12-18 21:30:00,,,,,,,,,,,,,,1127,,,
max_positions_reached,ICNTUSDT,,2025-12-18 21:30:00,,,,,,,,,,,,,,1128,,,
max_positions_reached,VINEUSDT,,2025-12-18 21:30:00,,,,,,,,,,,,,,1129,,,
max_positions_reached,IDOLUSDT,,2025-12-18 21:30:00,,,,,,,,,,,,,,1130,,,
