symbol,date,time,side,entry,stop_loss,tp1,tp2,tp3,tp4
IDOLUSDT,2025-12-18,21:30,short,0.02731,0.028266,0.02701,0.026627,0.026218,0.025671
CHILLGUYUSDT,2025-12-18,21:30,short,0.01755,0.018164,0.017357,0.017111,0.016848,0.016497
SPXUSDT,2025-12-18,21:30,short,0.4978,0.515223,0.492324,0.485355,0.477888,0.467932
GOATUSDT,2025-12-18,21:30,short,0.03343,0.0346,0.033062,0.032594,0.032093,0.031424
BRETTUSDT,2025-12-18,21:30,short,0.01487,0.01539,0.014706,0.014498,0.014275,0.013978
BONKUSDT,2025-12-18,21:30,short,0.008309,0.0086,0.008218,0.008101,0.007977,0.00781
ZORAUSDT,2025-12-18,21:30,short,0.04466,0.046223,0.044169,0.043543,0.042874,0.04198
EVAAUSDT,2025-12-18,21:30,short,0.68,0.7038,0.67252,0.663,0.6528,0.6392
VINEUSDT,2025-12-18,21:30,short,0.02824,0.029228,0.027929,0.027534,0.02711,0.026546
KERNELUSDT,2025-12-18,21:30,short,0.0609,0.063032,0.06023,0.059377,0.058464,0.057246
FARTCOINUSDT,2025-12-18,21:30,short,0.2828,0.292698,0.279689,0.27573,0.271488,0.265832
POPCATUSDT,2025-12-18,21:30,short,0.0861,0.089113,0.085153,0.083947,0.082656,0.080934
STBLUSDT,2025-12-18,21:30,short,0.03881,0.040168,0.038383,0.03784,0.037258,0.036481
PENGUUSDT,2025-12-18,21:30,short,0.009465,0.009796,0.009361,0.009228,0.009086,0.008897
CYSUSDT,2025-12-18,21:30,long,0.2658,0.256497,0.268724,0.272445,0.276432,0.281748
ICNTUSDT,2025-12-18,21:30,long,0.4715,0.454997,0.476686,0.483287,0.49036,0.49979
GOATUSDT,2025-12-16,05:30,short,0.03525,0.036484,0.034862,0.034369,0.03384,0.033135
NOMUSDT,2025-12-16,05:30,short,0.00735,0.007607,0.007269,0.007166,0.007056,0.006909
MOGUSDT,2025-12-16,05:30,short,0.2434,0.251919,0.240723,0.237315,0.233664,0.228796
PTBUSDT,2025-12-16,05:30,long,0.003127,0.003018,0.003161,0.003205,0.003252,0.003315
AGTUSDT,2025-12-16,05:30,long,0.003648,0.00352,0.003688,0.003739,0.003794,0.003867
KERNELUSDT,2025-12-16,05:30,short,0.06399,0.06623,0.063286,0.06239,0.06143,0.060151
UAIUSDT,2025-12-16,05:30,short,0.1559,0.161356,0.154185,0.152003,0.149664,0.146546
MYXUSDT,2025-12-16,05:30,long,3.595,3.469175,3.634545,3.684875,3.7388,3.8107
COMMONUSDT,2025-12-16,05:30,short,0.003639,0.003766,0.003599,0.003548,0.003493,0.003421
ZEREBROUSDT,2025-12-16,05:30,short,0.02832,0.029311,0.028008,0.027612,0.027187,0.026621
PARTIUSDT,2025-12-16,05:30,long,0.10418,0.100534,0.105326,0.106784,0.108347,0.110431
FOLKSUSDT,2025-12-16,05:30,short,21.286,22.03101,21.051854,20.75385,20.43456,20.00884
JELLYJELLYUSDT,2025-12-16,05:30,long,0.0963,0.092929,0.097359,0.098707,0.100152,0.102078
AVAAIUSDT,2025-12-16,05:30,long,0.00949,0.009158,0.009594,0.009727,0.00987,0.010059
PIPPINUSDT,2025-12-16,05:30,long,0.42715,0.4122,0.431849,0.437829,0.444236,0.452779
TRUSTUSDT,2025-12-15,09:30,short,0.1119,0.115816,0.110669,0.109102,0.107424,0.105186
UAIUSDT,2025-12-15,09:30,long,0.2041,0.196957,0.206345,0.209202,0.212264,0.216346
AVAAIUSDT,2025-12-15,09:30,short,0.00968,0.010019,0.009574,0.009438,0.009293,0.009099
BANUSDT,2025-12-15,09:30,long,0.06909,0.066672,0.06985,0.070817,0.071854,0.073235
BASUSDT,2025-12-15,09:30,long,0.007617,0.00735,0.007701,0.007807,0.007922,0.008074
AIOUSDT,2025-12-15,09:30,long,0.09499,0.091665,0.096035,0.097365,0.09879,0.100689
ARCUSDT,2025-12-15,09:30,long,0.03382,0.032636,0.034192,0.034666,0.035173,0.035849
RIVERUSDT,2025-12-15,09:30,short,5.507,5.699745,5.446423,5.369325,5.28672,5.17658
XPINUSDT,2025-12-12,05:30,short,0.001871,0.001936,0.00185,0.001824,0.001796,0.001759
KERNELUSDT,2025-12-12,05:30,short,0.0759,0.078556,0.075065,0.074002,0.072864,0.071346
DOLOUSDT,2025-12-12,05:30,short,0.04005,0.041452,0.039609,0.039049,0.038448,0.037647
BIOUSDT,2025-12-12,05:30,short,0.04951,0.051243,0.048965,0.048272,0.04753,0.046539
AEVOUSDT,2025-12-12,05:30,short,0.0436,0.045126,0.04312,0.04251,0.041856,0.040984
UAIUSDT,2025-12-12,05:30,long,0.147,0.141855,0.148617,0.150675,0.15288,0.15582
SQDUSDT,2025-12-12,05:30,short,0.04525,0.046834,0.044752,0.044119,0.04344,0.042535
ZORAUSDT,2025-12-12,05:30,long,0.05203,0.050209,0.052602,0.053331,0.054111,0.055152
AVNTUSDT,2025-12-12,05:30,short,0.2967,0.307084,0.293436,0.289282,0.284832,0.278898
RIVERUSDT,2025-12-12,05:30,long,6.502,6.27443,6.573522,6.66455,6.76208,6.89212
PENGUUSDT,2025-12-12,05:30,short,0.011219,0.011612,0.011096,0.010939,0.01077,0.010546
MYXUSDT,2025-12-12,05:30,long,3.078,2.97027,3.111858,3.15495,3.20112,3.26268
UBUSDT,2025-12-12,05:30,long,0.04589,0.044284,0.046395,0.047037,0.047726,0.048643
USELESSUSDT,2025-12-12,05:30,short,0.1047,0.108364,0.103548,0.102082,0.100512,0.098418
JCTUSDT,2025-12-12,05:30,short,0.002076,0.002149,0.002053,0.002024,0.001993,0.001951
KOMAUSDT,2025-12-12,01:30,short,0.0116,0.012006,0.011472,0.01131,0.011136,0.010904
BANUSDT,2025-12-12,01:30,long,0.06173,0.059569,0.062409,0.063273,0.064199,0.065434
MAVIAUSDT,2025-12-12,01:30,short,0.05361,0.055486,0.05302,0.05227,0.051466,0.050393
VINEUSDT,2025-12-12,01:30,short,0.02947,0.030501,0.029146,0.028733,0.028291,0.027702
CETUSUSDT,2025-12-12,01:30,short,0.02777,0.028742,0.027465,0.027076,0.026659,0.026104
TURTLEUSDT,2025-12-12,01:30,short,0.06446,0.066716,0.063751,0.062849,0.061882,0.060592
AIXBTUSDT,2025-12-12,01:30,short,0.03751,0.038823,0.037097,0.036572,0.03601,0.035259
BASUSDT,2025-12-12,01:30,short,0.004027,0.004168,0.003983,0.003926,0.003866,0.003785
FFUSDT,2025-12-12,01:30,short,0.11696,0.121054,0.115673,0.114036,0.112282,0.109942
LIGHTUSDT,2025-12-12,01:30,long,1.1602,1.119593,1.172962,1.189205,1.206608,1.229812
SPXUSDT,2025-12-12,01:30,short,0.6047,0.625864,0.598048,0.589583,0.580512,0.568418
SOMIUSDT,2025-12-12,01:30,long,0.2513,0.242505,0.254064,0.257582,0.261352,0.266378
ICNTUSDT,2025-12-12,01:30,long,0.2839,0.273963,0.287023,0.290997,0.295256,0.300934
SAPIENUSDT,2025-12-12,01:30,long,0.15874,0.153184,0.160486,0.162708,0.16509,0.168264
TRUTHUSDT,2025-12-12,01:30,long,0.019524,0.018841,0.019739,0.020012,0.020305,0.020695
JELLYJELLYUSDT,2025-12-12,01:30,long,0.06916,0.066739,0.069921,0.070889,0.071926,0.07331
SENTUSDT,2025-12-11,21:30,short,0.04615,0.047765,0.045642,0.044996,0.044304,0.043381
XPINUSDT,2025-12-11,21:30,short,0.001844,0.001909,0.001824,0.001798,0.00177,0.001733
MYXUSDT,2025-12-11,21:30,long,3.091,2.982815,3.125001,3.168275,3.21464,3.27646
DOLOUSDT,2025-12-11,21:30,short,0.03878,0.040137,0.038353,0.037811,0.037229,0.036453
ESPORTSUSDT,2025-12-11,21:30,long,0.43027,0.415211,0.435003,0.441027,0.447481,0.456086
METUSDT,2025-12-11,21:30,short,0.2654,0.274689,0.262481,0.258765,0.254784,0.249476
RATSUSDT,2025-12-11,21:30,long,0.0404,0.038986,0.040844,0.04141,0.042016,0.042824
AEVOUSDT,2025-12-11,21:30,short,0.04255,0.044039,0.042082,0.041486,0.040848,0.039997
RIVERUSDT,2025-12-11,21:30,long,6.315,6.093975,6.384465,6.472875,6.5676,6.6939
JCTUSDT,2025-12-11,21:30,short,0.002044,0.002116,0.002022,0.001993,0.001962,0.001921
UBUSDT,2025-12-11,21:30,long,0.04498,0.043406,0.045475,0.046104,0.046779,0.047679
BIOUSDT,2025-12-11,21:30,short,0.04857,0.05027,0.048036,0.047356,0.046627,0.045656
AVNTUSDT,2025-12-11,21:30,short,0.2925,0.302737,0.289282,0.285187,0.2808,0.27495
VINEUSDT,2025-12-11,17:30,short,0.02916,0.030181,0.028839,0.028431,0.027994,0.02741
XANUSDT,2025-12-11,17:30,short,0.01916,0.019831,0.018949,0.018681,0.018394,0.01801
BRUSDT,2025-12-11,17:30,short,0.04862,0.050322,0.048085,0.047404,0.046675,0.045703
GIGGLEUSDT,2025-12-11,17:30,short,76.46,79.1361,75.61894,74.5485,73.4016,71.8724
TRUTHUSDT,2025-12-11,17:30,long,0.021808,0.021045,0.022048,0.022353,0.02268,0.023116
SPXUSDT,2025-12-11,17:30,short,0.6042,0.625347,0.597554,0.589095,0.580032,0.567948
AIAUSDT,2025-12-11,17:30,short,0.1607,0.166324,0.158932,0.156683,0.154272,0.151058
BASUSDT,2025-12-11,17:30,short,0.004034,0.004175,0.00399,0.003933,0.003873,0.003792
JELLYJELLYUSDT,2025-12-11,17:30,long,0.08421,0.081263,0.085136,0.086315,0.087578,0.089263
VFYUSDT,2025-12-11,05:30,short,0.03091,0.031992,0.03057,0.030137,0.029674,0.029055
SENTUSDT,2025-12-11,05:30,long,0.04642,0.044795,0.046931,0.04758,0.048277,0.049205
MAVIAUSDT,2025-12-11,05:30,long,0.05547,0.053529,0.05608,0.056857,0.057689,0.058798
XPLUSDT,2025-12-11,05:30,long,0.1701,0.164147,0.171971,0.174352,0.176904,0.180306
CLOUSDT,2025-12-11,05:30,short,0.3559,0.368356,0.351985,0.347002,0.341664,0.334546
FOLKSUSDT,2025-12-11,05:30,long,15.639,15.091635,15.811029,16.029975,16.26456,16.57734
BIOUSDT,2025-12-11,05:30,long,0.05278,0.050933,0.053361,0.054099,0.054891,0.055947
JCTUSDT,2025-12-11,05:30,short,0.002304,0.002385,0.002279,0.002246,0.002212,0.002166
RATSUSDT,2025-12-11,05:30,long,0.03813,0.036795,0.038549,0.039083,0.039655,0.040418
RIVERUSDT,2025-12-11,05:30,long,6.26,6.0409,6.32886,6.4165,6.5104,6.6356
ZORAUSDT,2025-12-11,05:30,long,0.04963,0.047893,0.050176,0.050871,0.051615,0.052608
METUSDT,2025-12-11,05:30,short,0.2898,0.299943,0.286612,0.282555,0.278208,0.272412
SQDUSDT,2025-12-11,05:30,long,0.04992,0.048173,0.050469,0.051168,0.051917,0.052915
TRUTHUSDT,2025-12-11,01:30,long,0.024466,0.02361,0.024735,0.025078,0.025445,0.025934
AVNTUSDT,2025-12-11,01:30,long,0.3205,0.309283,0.324025,0.328512,0.33332,0.33973
AEVOUSDT,2025-12-11,01:30,long,0.04565,0.044052,0.046152,0.046791,0.047476,0.048389
CETUSUSDT,2025-12-11,01:30,short,0.03003,0.031081,0.0297,0.029279,0.028829,0.028228
LYNUSDT,2025-12-11,01:30,short,0.06762,0.069987,0.066876,0.06593,0.064915,0.063563
PIPPINUSDT,2025-12-11,01:30,long,0.34174,0.329779,0.345499,0.350283,0.35541,0.362244
SPXUSDT,2025-12-11,01:30,short,0.6792,0.702972,0.671729,0.66222,0.652032,0.638448
CETUSUSDT,2025-12-08,13:30,long,0.02963,0.028593,0.029956,0.030371,0.030815,0.031408
UBUSDT,2025-12-08,13:30,long,0.0428,0.041302,0.043271,0.04387,0.044512,0.045368
POPCATUSDT,2025-12-08,13:30,long,0.1046,0.100939,0.105751,0.107215,0.108784,0.110876
BONKUSDT,2025-12-08,13:30,short,0.009407,0.009736,0.009304,0.009172,0.009031,0.008843
NOMUSDT,2025-12-08,13:30,short,0.00989,0.010236,0.009781,0.009643,0.009494,0.009297
BRETTUSDT,2025-12-08,13:30,long,0.01889,0.018229,0.019098,0.019362,0.019646,0.020023
AIOTUSDT,2025-12-08,13:30,short,0.3873,0.400855,0.38304,0.377617,0.371808,0.364062
KERNELUSDT,2025-12-08,09:30,short,0.0803,0.08311,0.079417,0.078293,0.077088,0.075482
STBLUSDT,2025-12-08,09:30,short,0.05869,0.060744,0.058044,0.057223,0.056342,0.055169
STOUSDT,2025-12-08,09:30,short,0.11338,0.117348,0.112133,0.110545,0.108845,0.106577
BIOUSDT,2025-12-08,09:30,short,0.04771,0.04938,0.047185,0.046517,0.045802,0.044847
AVNTUSDT,2025-12-08,09:30,short,0.3057,0.3164,0.302337,0.298058,0.293472,0.287358
IDOLUSDT,2025-12-08,09:30,short,0.03251,0.033648,0.032152,0.031697,0.03121,0.030559
SOMIUSDT,2025-12-08,09:30,short,0.2199,0.227597,0.217481,0.214402,0.211104,0.206706
CLOUSDT,2025-12-08,09:30,long,0.4601,0.443997,0.465161,0.471602,0.478504,0.487706
SENTUSDT,2025-12-08,09:30,long,0.04819,0.046503,0.04872,0.049395,0.050118,0.051081
AIXBTUSDT,2025-12-08,09:30,short,0.04015,0.041555,0.039708,0.039146,0.038544,0.037741
CETUSUSDT,2025-12-08,05:30,long,0.02826,0.027271,0.028571,0.028966,0.02939,0.029956
NOMUSDT,2025-12-08,05:30,short,0.00967,0.010008,0.009564,0.009428,0.009283,0.00909
POPCATUSDT,2025-12-08,05:30,long,0.0993,0.095824,0.100392,0.101782,0.103272,0.105258
BRETTUSDT,2025-12-08,05:30,long,0.01799,0.01736,0.018188,0.01844,0.01871,0.019069
TURTLEUSDT,2025-12-08,05:30,short,0.06233,0.064512,0.061644,0.060772,0.059837,0.05859
PENGUUSDT,2025-12-08,05:30,long,0.010976,0.010592,0.011097,0.01125,0.011415,0.011635
ASTERUSDT,2025-12-08,05:30,short,0.9129,0.944851,0.902858,0.890078,0.876384,0.858126
PIPPINUSDT,2025-12-08,05:30,short,0.1568,0.162288,0.155075,0.15288,0.150528,0.147392
SENTUSDT,2025-12-08,01:30,long,0.04726,0.045606,0.04778,0.048441,0.04915,0.050096
AEVOUSDT,2025-12-08,01:30,long,0.04456,0.043,0.04505,0.045674,0.046342,0.047234
ALCHUSDT,2025-12-08,01:30,short,0.20231,0.209391,0.200085,0.197252,0.194218,0.190171
CLOUSDT,2025-12-08,01:30,long,0.4543,0.438399,0.459297,0.465657,0.472472,0.481558
AKEUSDT,2025-12-08,01:30,long,0.000435,0.00042,0.00044,0.000446,0.000452,0.000461
TRUTHUSDT,2025-12-08,01:30,long,0.015876,0.01532,0.016051,0.016273,0.016511,0.016829
IDOLUSDT,2025-12-08,01:30,short,0.03129,0.032385,0.030946,0.030508,0.030038,0.029413
BRUSDT,2025-12-04,01:30,short,0.05364,0.055517,0.05305,0.052299,0.051494,0.050422
PUMPBTCUSDT,2025-12-04,01:30,long,0.02705,0.026103,0.027348,0.027726,0.028132,0.028673
LIGHTUSDT,2025-12-04,01:30,long,1.5748,1.519682,1.592123,1.61417,1.637792,1.669288
BRETTUSDT,2025-12-04,01:30,long,0.02005,0.019348,0.020271,0.020551,0.020852,0.021253
USELESSUSDT,2025-12-04,01:30,long,0.1234,0.119081,0.124757,0.126485,0.128336,0.130804
ALCHUSDT,2025-12-04,01:30,long,0.20059,0.193569,0.202796,0.205605,0.208614,0.212625
ZEREBROUSDT,2025-12-04,01:30,long,0.0363,0.035029,0.036699,0.037207,0.037752,0.038478
PTBUSDT,2025-12-04,01:30,short,0.00633,0.006552,0.00626,0.006172,0.006077,0.00595
SAPIENUSDT,2025-12-04,01:30,long,0.16337,0.157652,0.165167,0.167454,0.169905,0.173172
AVNTUSDT,2025-12-03,21:30,long,0.3596,0.347014,0.363556,0.36859,0.373984,0.381176
UAIUSDT,2025-12-03,21:30,long,0.1579,0.152373,0.159637,0.161848,0.164216,0.167374
MYXUSDT,2025-12-03,21:30,long,3.28,3.1652,3.31608,3.362,3.4112,3.4768
JELLYJELLYUSDT,2025-12-03,21:30,long,0.04459,0.043029,0.04508,0.045705,0.046374,0.047265
CETUSUSDT,2025-12-03,21:30,long,0.02922,0.028197,0.029541,0.02995,0.030389,0.030973
KERNELUSDT,2025-12-03,21:30,long,0.0879,0.084823,0.088867,0.090097,0.091416,0.093174
ASTERUSDT,2025-12-03,21:30,long,1.0472,1.010548,1.058719,1.07338,1.089088,1.110032
AIOTUSDT,2025-12-03,21:30,long,0.4789,0.462138,0.484168,0.490872,0.498056,0.507634
XPINUSDT,2025-12-03,21:30,long,0.002197,0.00212,0.002221,0.002252,0.002285,0.002329
MAVIAUSDT,2025-12-03,21:30,long,0.06269,0.060496,0.06338,0.064257,0.065198,0.066451
GIGGLEUSDT,2025-12-03,21:30,short,95.05,98.37675,94.00445,92.67375,91.248,89.347
FFUSDT,2025-12-03,21:30,long,0.12849,0.123993,0.129903,0.131702,0.13363,0.136199
MOODENGUSDT,2025-12-03,21:30,long,0.0777,0.074981,0.078555,0.079643,0.080808,0.082362
BASUSDT,2025-12-03,21:30,long,0.004349,0.004197,0.004397,0.004458,0.004523,0.00461
JCTUSDT,2025-12-03,21:30,long,0.003793,0.00366,0.003835,0.003888,0.003945,0.004021
VINEUSDT,2025-12-03,17:30,long,0.03097,0.029886,0.031311,0.031744,0.032209,0.032828
STOUSDT,2025-12-03,17:30,long,0.1171,0.113001,0.118388,0.120027,0.121784,0.124126
SPXUSDT,2025-12-03,17:30,long,0.7039,0.679263,0.711643,0.721497,0.732056,0.746134
LIGHTUSDT,2025-12-03,17:30,long,1.6618,1.603637,1.68008,1.703345,1.728272,1.761508
HIPPOUSDT,2025-12-03,17:30,long,0.00119,0.001148,0.001203,0.00122,0.001238,0.001261
PENGUUSDT,2025-12-03,17:30,long,0.01191,0.011493,0.012041,0.012208,0.012386,0.012625
BONKUSDT,2025-12-03,17:30,long,0.009837,0.009493,0.009945,0.010083,0.01023,0.010427
ZEREBROUSDT,2025-12-03,17:30,long,0.03521,0.033978,0.035597,0.03609,0.036618,0.037323
EULUSDT,2025-12-03,17:30,long,4.378,4.22477,4.426158,4.48745,4.55312,4.64068
ALCHUSDT,2025-12-03,17:30,long,0.20509,0.197912,0.207346,0.210217,0.213294,0.217395
LYNUSDT,2025-12-01,13:30,short,0.06441,0.066664,0.063701,0.0628,0.061834,0.060545
BLESSUSDT,2025-12-01,13:30,short,0.01272,0.013165,0.01258,0.012402,0.012211,0.011957
NAORISUSDT,2025-12-01,13:30,short,0.02292,0.023722,0.022668,0.022347,0.022003,0.021545
GRIFFAINUSDT,2025-12-01,13:30,long,0.01957,0.018885,0.019785,0.020059,0.020353,0.020744
SENTUSDT,2025-12-01,13:30,short,0.04653,0.048159,0.046018,0.045367,0.044669,0.043738
TURTLEUSDT,2025-12-01,13:30,short,0.06903,0.071446,0.068271,0.067304,0.066269,0.064888
KOMAUSDT,2025-12-01,13:30,short,0.01268,0.013124,0.012541,0.012363,0.012173,0.011919
LABUSDT,2025-12-01,13:30,short,0.08084,0.083669,0.079951,0.078819,0.077606,0.07599
BIDUSDT,2025-12-01,13:30,long,0.04044,0.039025,0.040885,0.041451,0.042058,0.042866
HIPPOUSDT,2025-12-01,13:30,short,0.001064,0.001101,0.001052,0.001037,0.001021,0.001
COAIUSDT,2025-12-01,13:30,short,0.5132,0.531162,0.507555,0.50037,0.492672,0.482408
MOGUSDT,2025-12-01,13:30,short,0.2662,0.275517,0.263272,0.259545,0.255552,0.250228
ASTERUSDT,2025-12-01,13:30,short,0.9969,1.031791,0.985934,0.971977,0.957024,0.937086
VFYUSDT,2025-12-01,13:30,long,0.03529,0.034055,0.035678,0.036172,0.036702,0.037407
PIPPINUSDT,2025-12-01,13:30,long,0.14571,0.14061,0.147313,0.149353,0.151538,0.154453
AEVOUSDT,2025-12-01,09:30,short,0.04205,0.043522,0.041587,0.040999,0.040368,0.039527
NOMUSDT,2025-12-01,09:30,short,0.00987,0.010215,0.009761,0.009623,0.009475,0.009278
BIOUSDT,2025-12-01,09:30,short,0.05138,0.053178,0.050815,0.050096,0.049325,0.048297
BONKUSDT,2025-12-01,09:30,short,0.008699,0.009003,0.008603,0.008482,0.008351,0.008177
MAVIAUSDT,2025-12-01,09:30,short,0.0466,0.048231,0.046087,0.045435,0.044736,0.043804
BRETTUSDT,2025-12-01,09:30,short,0.01473,0.015246,0.014568,0.014362,0.014141,0.013846
CETUSUSDT,2025-12-01,09:30,short,0.02628,0.0272,0.025991,0.025623,0.025229,0.024703
TRADOORUSDT,2025-12-01,09:30,long,4.265,4.115725,4.311915,4.371625,4.4356,4.5209
VINEUSDT,2025-12-01,09:30,short,0.02811,0.029094,0.027801,0.027407,0.026986,0.026423
PENGUUSDT,2025-12-01,09:30,short,0.009668,0.010006,0.009562,0.009426,0.009281,0.009088
MOODENGUSDT,2025-12-01,09:30,short,0.0722,0.074727,0.071406,0.070395,0.069312,0.067868
MYXUSDT,2025-12-01,09:30,long,2.757,2.660505,2.787327,2.825925,2.86728,2.92242
ALCHUSDT,2025-12-01,09:30,long,0.16687,0.16103,0.168706,0.171042,0.173545,0.176882
FARTCOINUSDT,2025-12-01,09:30,short,0.2696,0.279036,0.266634,0.26286,0.258816,0.253424
AGTUSDT,2025-12-01,09:30,short,0.002933,0.003036,0.002901,0.00286,0.002816,0.002757
IDOLUSDT,2025-12-01,05:30,long,0.03137,0.030272,0.031715,0.032154,0.032625,0.033252
GIGGLEUSDT,2025-12-01,05:30,long,135.82,131.0663,137.31402,139.2155,141.2528,143.9692
VFYUSDT,2025-12-01,05:30,long,0.03217,0.031044,0.032524,0.032974,0.033457,0.0341
GRIFFAINUSDT,2025-12-01,05:30,long,0.0211,0.020362,0.021332,0.021627,0.021944,0.022366
BRUSDT,2025-12-01,05:30,long,0.05945,0.057369,0.060104,0.060936,0.061828,0.063017
EULUSDT,2025-12-01,05:30,long,4.474,4.31741,4.523214,4.58585,4.65296,4.74244
LABUSDT,2025-12-01,05:30,short,0.08947,0.092601,0.088486,0.087233,0.085891,0.084102
PIPPINUSDT,2025-12-01,05:30,long,0.15063,0.145358,0.152287,0.154396,0.156655,0.159668
BIDUSDT,2025-12-01,05:30,long,0.04441,0.042856,0.044899,0.04552,0.046186,0.047075
MOGUSDT,2025-11-27,05:30,long,0.3158,0.304747,0.319274,0.323695,0.328432,0.334748
TAGUSDT,2025-11-27,05:30,long,0.000574,0.000554,0.000581,0.000589,0.000597,0.000609
STBLUSDT,2025-11-27,05:30,long,0.07225,0.069721,0.073045,0.074056,0.07514,0.076585
POPCATUSDT,2025-11-27,05:30,long,0.11,0.10615,0.11121,0.11275,0.1144,0.1166
AGTUSDT,2025-11-27,05:30,long,0.002984,0.00288,0.003017,0.003059,0.003103,0.003163
USELESSUSDT,2025-11-27,05:30,long,0.1241,0.119757,0.125465,0.127202,0.129064,0.131546
HANAUSDT,2025-11-27,05:30,long,0.01976,0.019068,0.019977,0.020254,0.02055,0.020946
SQDUSDT,2025-11-27,05:30,long,0.05818,0.056144,0.05882,0.059635,0.060507,0.061671
MOODENGUSDT,2025-11-27,05:30,long,0.07947,0.076689,0.080344,0.081457,0.082649,0.084238
PENGUUSDT,2025-11-27,05:30,long,0.01162,0.011213,0.011748,0.01191,0.012085,0.012317
IDOLUSDT,2025-11-27,05:30,long,0.03206,0.030938,0.032413,0.032861,0.033342,0.033984
MONUSDT,2025-11-27,05:30,long,0.04686,0.04522,0.047375,0.048031,0.048734,0.049672
XPLUSDT,2025-11-27,05:30,long,0.2177,0.210081,0.220095,0.223142,0.226408,0.230762
NAORISUSDT,2025-11-25,09:30,long,0.02679,0.025852,0.027085,0.02746,0.027862,0.028397
PIPPINUSDT,2025-11-25,09:30,long,0.05495,0.053027,0.055554,0.056324,0.057148,0.058247
CHILLGUYUSDT,2025-11-25,05:30,long,0.01781,0.017187,0.018006,0.018255,0.018522,0.018879
XNYUSDT,2025-11-25,05:30,long,0.004313,0.004162,0.00436,0.004421,0.004486,0.004572
SPXUSDT,2025-11-25,05:30,long,0.5777,0.55748,0.584055,0.592142,0.600808,0.612362
AIOUSDT,2025-11-25,05:30,short,0.08742,0.09048,0.086458,0.085234,0.083923,0.082175
PARTIUSDT,2025-11-25,05:30,long,0.13659,0.131809,0.138092,0.140005,0.142054,0.144785
BIDUSDT,2025-11-25,01:30,short,0.03426,0.035459,0.033883,0.033403,0.03289,0.032204
GRIFFAINUSDT,2025-11-25,01:30,long,0.01397,0.013481,0.014124,0.014319,0.014529,0.014808
COMMONUSDT,2025-11-25,01:30,long,0.00741,0.007151,0.007492,0.007595,0.007706,0.007855
ICNTUSDT,2025-11-25,01:30,long,0.214,0.20651,0.216354,0.21935,0.22256,0.22684
XPINUSDT,2025-11-25,01:30,long,0.002317,0.002236,0.002342,0.002375,0.00241,0.002456
NAORISUSDT,2025-11-25,01:30,long,0.0266,0.025669,0.026893,0.027265,0.027664,0.028196
SQDUSDT,2025-11-22,01:30,short,0.04927,0.050994,0.048728,0.048038,0.047299,0.046314
FFUSDT,2025-11-22,01:30,short,0.12233,0.126612,0.120984,0.119272,0.117437,0.11499
STOUSDT,2025-11-22,01:30,short,0.12007,0.124272,0.118749,0.117068,0.115267,0.112866
AIXBTUSDT,2025-11-22,01:30,short,0.04453,0.046089,0.04404,0.043417,0.042749,0.041858
VINEUSDT,2025-11-22,01:30,short,0.02822,0.029208,0.02791,0.027514,0.027091,0.026527
CCUSDT,2025-11-22,01:30,short,0.0846,0.087561,0.083669,0.082485,0.081216,0.079524
BONKUSDT,2025-11-22,01:30,short,0.008925,0.009237,0.008827,0.008702,0.008568,0.008389
ARCUSDT,2025-11-22,01:30,short,0.03047,0.031536,0.030135,0.029708,0.029251,0.028642
POPCATUSDT,2025-11-22,01:30,short,0.0934,0.096669,0.092373,0.091065,0.089664,0.087796
PROVEUSDT,2025-11-22,01:30,short,0.4682,0.484587,0.46305,0.456495,0.449472,0.440108
HEIUSDT,2025-11-22,01:30,short,0.2158,0.223353,0.213426,0.210405,0.207168,0.202852
XPINUSDT,2025-11-22,01:30,short,0.002489,0.002576,0.002462,0.002427,0.002389,0.00234
FARTCOINUSDT,2025-11-22,01:30,short,0.2271,0.235048,0.224602,0.221422,0.218016,0.213474
LABUSDT,2025-11-22,01:30,short,0.09196,0.095179,0.090948,0.089661,0.088282,0.086442
SAPIENUSDT,2025-11-22,01:30,long,0.14447,0.139414,0.146059,0.148082,0.150249,0.153138
CHILLGUYUSDT,2025-11-22,01:30,short,0.01608,0.016643,0.015903,0.015678,0.015437,0.015115
BIOUSDT,2025-11-22,01:30,short,0.0602,0.062307,0.059538,0.058695,0.057792,0.056588
GRIFFAINUSDT,2025-11-22,01:30,short,0.01253,0.012969,0.012392,0.012217,0.012029,0.011778
TRUSTUSDT,2025-11-22,01:30,long,0.2515,0.242697,0.254266,0.257788,0.26156,0.26659
KERNELUSDT,2025-11-21,21:30,short,0.0855,0.088493,0.08456,0.083363,0.08208,0.08037
ZORAUSDT,2025-11-21,21:30,short,0.05427,0.056169,0.053673,0.052913,0.052099,0.051014
GOATUSDT,2025-11-21,21:30,short,0.04184,0.043304,0.04138,0.040794,0.040166,0.03933
COAIUSDT,2025-11-21,21:30,short,0.5118,0.529713,0.50617,0.499005,0.491328,0.481092
XPLUSDT,2025-11-21,21:30,short,0.2162,0.223767,0.213822,0.210795,0.207552,0.203228
IDOLUSDT,2025-11-21,21:30,short,0.03071,0.031785,0.030372,0.029942,0.029482,0.028867
MONUSDT,2025-11-21,21:30,short,0.03079,0.031868,0.030451,0.03002,0.029558,0.028943
MOODENGUSDT,2025-11-21,21:30,short,0.06905,0.071467,0.06829,0.067324,0.066288,0.064907
SPXUSDT,2025-11-21,21:30,short,0.4615,0.477652,0.456424,0.449962,0.44304,0.43381
SOMIUSDT,2025-11-21,21:30,short,0.2647,0.273964,0.261788,0.258082,0.254112,0.248818
PUMPBTCUSDT,2025-11-21,21:30,short,0.02821,0.029197,0.0279,0.027505,0.027082,0.026517
ESPORTSUSDT,2025-11-21,21:30,long,0.40201,0.38794,0.406432,0.41206,0.41809,0.426131
AVNTUSDT,2025-11-21,21:30,short,0.3982,0.412137,0.39382,0.388245,0.382272,0.374308
TAUSDT,2025-11-21,21:30,short,0.02556,0.026455,0.025279,0.024921,0.024538,0.024026
PENGUUSDT,2025-11-21,21:30,short,0.010285,0.010645,0.010172,0.010028,0.009874,0.009668
STOUSDT,2025-11-21,17:30,short,0.11586,0.119915,0.114586,0.112964,0.111226,0.108908
XANUSDT,2025-11-21,17:30,short,0.03505,0.036277,0.034664,0.034174,0.033648,0.032947
CETUSUSDT,2025-11-21,17:30,short,0.02907,0.030087,0.02875,0.028343,0.027907,0.027326
POPCATUSDT,2025-11-21,17:30,short,0.0926,0.095841,0.091581,0.090285,0.088896,0.087044
CHILLGUYUSDT,2025-11-21,17:30,short,0.01588,0.016436,0.015705,0.015483,0.015245,0.014927
FFUSDT,2025-11-21,17:30,short,0.12607,0.130482,0.124683,0.122918,0.121027,0.118506
XNYUSDT,2025-11-21,17:30,short,0.003386,0.003505,0.003349,0.003301,0.003251,0.003183
SQDUSDT,2025-11-21,17:30,short,0.04753,0.049194,0.047007,0.046342,0.045629,0.044678
PROVEUSDT,2025-11-21,17:30,short,0.4451,0.460678,0.440204,0.433972,0.427296,0.418394
GIGGLEUSDT,2025-11-21,17:30,short,103.81,107.44335,102.66809,101.21475,99.6576,97.5814
NOMUSDT,2025-11-21,17:30,short,0.01032,0.010681,0.010206,0.010062,0.009907,0.009701
HEIUSDT,2025-11-21,17:30,short,0.2088,0.216108,0.206503,0.20358,0.200448,0.196272
CCUSDT,2025-11-21,17:30,short,0.0743,0.0769,0.073483,0.072443,0.071328,0.069842
BONKUSDT,2025-11-21,17:30,short,0.008764,0.009071,0.008668,0.008545,0.008413,0.008238
BIOUSDT,2025-11-21,17:30,short,0.05872,0.060775,0.058074,0.057252,0.056371,0.055197
AGTUSDT,2025-11-20,13:30,short,0.003068,0.003175,0.003034,0.002991,0.002945,0.002884
ALCHUSDT,2025-11-20,13:30,long,0.19397,0.187181,0.196104,0.198819,0.201729,0.205608
BASUSDT,2025-11-20,13:30,short,0.004948,0.005121,0.004894,0.004824,0.00475,0.004651
TNSRUSDT,2025-11-20,13:30,long,0.11974,0.115549,0.121057,0.122733,0.12453,0.126924
AIOTUSDT,2025-11-20,09:30,short,0.4605,0.476617,0.455435,0.448987,0.44208,0.43287
HEIUSDT,2025-11-20,09:30,long,0.2204,0.212686,0.222824,0.22591,0.229216,0.233624
NAORISUSDT,2025-11-20,09:30,long,0.02575,0.024849,0.026033,0.026394,0.02678,0.027295
BTRUSDT,2025-11-20,09:30,short,0.03746,0.038771,0.037048,0.036524,0.035962,0.035212
BANUSDT,2025-11-20,09:30,long,0.06154,0.059386,0.062217,0.063078,0.064002,0.065232
SPXUSDT,2025-11-20,09:30,long,0.5854,0.564911,0.591839,0.600035,0.608816,0.620524
DOLOUSDT,2025-11-20,09:30,long,0.05076,0.048983,0.051318,0.052029,0.05279,0.053806
VFYUSDT,2025-11-20,09:30,short,0.0409,0.042331,0.04045,0.039877,0.039264,0.038446
STOUSDT,2025-11-20,09:30,short,0.13475,0.139466,0.133268,0.131381,0.12936,0.126665
FARTCOINUSDT,2025-11-20,09:30,long,0.2837,0.27377,0.286821,0.290793,0.295048,0.300722
MYXUSDT,2025-11-20,09:30,long,3.088,2.97992,3.121968,3.1652,3.21152,3.27328
ZORAUSDT,2025-11-20,09:30,long,0.05928,0.057205,0.059932,0.060762,0.061651,0.062837
PENGUUSDT,2025-11-20,05:30,short,0.012063,0.012485,0.01193,0.011761,0.01158,0.011339
PROVEUSDT,2025-11-20,05:30,short,0.4957,0.513049,0.490247,0.483307,0.475872,0.465958
CETUSUSDT,2025-11-20,05:30,short,0.03308,0.034238,0.032716,0.032253,0.031757,0.031095
AIXBTUSDT,2025-11-20,05:30,short,0.0526,0.054441,0.052021,0.051285,0.050496,0.049444
AVAAIUSDT,2025-11-20,05:30,short,0.01187,0.012285,0.011739,0.011573,0.011395,0.011158
MOODENGUSDT,2025-11-20,05:30,short,0.07597,0.078629,0.075134,0.074071,0.072931,0.071412
BASUSDT,2025-11-20,05:30,short,0.00504,0.005216,0.004985,0.004914,0.004838,0.004738
EULUSDT,2025-11-20,05:30,short,4.155,4.300425,4.109295,4.051125,3.9888,3.9057
MAVIAUSDT,2025-11-20,05:30,short,0.06785,0.070225,0.067104,0.066154,0.065136,0.063779
XPLUSDT,2025-11-20,05:30,short,0.2393,0.247675,0.236668,0.233318,0.229728,0.224942
BONKUSDT,2025-11-20,05:30,short,0.010089,0.010442,0.009978,0.009837,0.009685,0.009484
TNSRUSDT,2025-11-20,05:30,long,0.07754,0.074826,0.078393,0.079478,0.080642,0.082192
XNYUSDT,2025-11-19,05:30,long,0.004479,0.004322,0.004528,0.004591,0.004658,0.004748
VFYUSDT,2025-11-19,05:30,long,0.04711,0.045461,0.047628,0.048288,0.048994,0.049937
SPXUSDT,2025-11-19,05:30,long,0.5427,0.523705,0.54867,0.556267,0.564408,0.575262
LIGHTUSDT,2025-11-19,05:30,short,1.6479,1.705576,1.629773,1.606702,1.581984,1.549026
XANUSDT,2025-11-19,05:30,long,0.05395,0.052062,0.054543,0.055299,0.056108,0.057187
HEIUSDT,2025-11-19,01:30,long,0.2186,0.210949,0.221005,0.224065,0.227344,0.231716
FFUSDT,2025-11-19,01:30,long,0.14456,0.1395,0.14615,0.148174,0.150342,0.153234
ASTERUSDT,2025-11-19,01:30,long,1.3541,1.306706,1.368995,1.387952,1.408264,1.435346
AVAAIUSDT,2025-11-18,17:30,long,0.01243,0.011995,0.012567,0.012741,0.012927,0.013176
LIGHTUSDT,2025-11-18,17:30,long,1.8708,1.805322,1.891379,1.91757,1.945632,1.983048
AIXBTUSDT,2025-11-18,17:30,long,0.05135,0.049553,0.051915,0.052634,0.053404,0.054431
FFUSDT,2025-11-18,17:30,long,0.14388,0.138844,0.145463,0.147477,0.149635,0.152513
AGTUSDT,2025-11-18,17:30,short,0.003292,0.003407,0.003256,0.00321,0.00316,0.003094
ASTERUSDT,2025-11-18,17:30,long,1.3511,1.303811,1.365962,1.384877,1.405144,1.432166
AKEUSDT,2025-11-18,17:30,long,0.000432,0.000417,0.000437,0.000443,0.000449,0.000458
VFYUSDT,2025-11-18,13:30,long,0.04533,0.043743,0.045829,0.046463,0.047143,0.04805
XNYUSDT,2025-11-18,13:30,long,0.004492,0.004335,0.004541,0.004604,0.004672,0.004762
HEIUSDT,2025-11-18,13:30,long,0.2146,0.207089,0.216961,0.219965,0.223184,0.227476
XANUSDT,2025-11-18,13:30,long,0.03189,0.030774,0.032241,0.032687,0.033166,0.033803
AVAAIUSDT,2025-11-18,09:30,long,0.01282,0.012371,0.012961,0.01314,0.013333,0.013589
BRETTUSDT,2025-11-18,09:30,short,0.01755,0.018164,0.017357,0.017111,0.016848,0.016497
JCTUSDT,2025-11-18,09:30,long,0.003987,0.003847,0.004031,0.004087,0.004146,0.004226
LIGHTUSDT,2025-11-18,09:30,long,1.9165,1.849422,1.937581,1.964412,1.99316,2.03149
XPLUSDT,2025-11-18,09:30,long,0.2575,0.248488,0.260332,0.263937,0.2678,0.27295
TRADOORUSDT,2025-11-18,01:30,long,2.767,2.670155,2.797437,2.836175,2.87768,2.93302
ASTERUSDT,2025-11-17,13:30,long,1.2191,1.176432,1.23251,1.249578,1.267864,1.292246
MYXUSDT,2025-11-17,13:30,short,2.511,2.598885,2.483379,2.448225,2.41056,2.36034
LIGHTUSDT,2025-11-17,13:30,long,1.8329,1.768748,1.853062,1.878722,1.906216,1.942874
RIVERUSDT,2025-11-17,13:30,short,3.79,3.92265,3.74831,3.69525,3.6384,3.5626
XNYUSDT,2025-11-17,09:30,long,0.004505,0.004347,0.004555,0.004618,0.004685,0.004775
TRADOORUSDT,2025-11-17,09:30,long,2.869,2.768585,2.900559,2.940725,2.98376,3.04114
AIOUSDT,2025-11-17,09:30,long,0.1248,0.120432,0.126173,0.12792,0.129792,0.132288
RIVERUSDT,2025-11-17,05:30,short,4.078,4.22073,4.033142,3.97605,3.91488,3.83332
SOONUSDT,2025-11-17,05:30,short,1.9176,1.984716,1.896506,1.86966,1.840896,1.802544
ASTERUSDT,2025-11-17,05:30,long,1.2807,1.235875,1.294788,1.312717,1.331928,1.357542
LIGHTUSDT,2025-11-17,05:30,long,2.2971,2.216701,2.322368,2.354527,2.388984,2.434926
LYNUSDT,2025-11-17,05:30,short,0.09838,0.101823,0.097298,0.09592,0.094445,0.092477
AIOUSDT,2025-11-17,01:30,long,0.1231,0.118791,0.124454,0.126177,0.128024,0.130486
TRADOORUSDT,2025-11-17,01:30,long,2.9,2.7985,2.9319,2.9725,3.016,3.074
GRIFFAINUSDT,2025-11-14,05:30,short,0.01559,0.016136,0.015419,0.0152,0.014966,0.014655
STOUSDT,2025-11-14,05:30,short,0.17056,0.17653,0.168684,0.166296,0.163738,0.160326
BANUSDT,2025-11-14,05:30,short,0.05409,0.055983,0.053495,0.052738,0.051926,0.050845
PUMPBTCUSDT,2025-11-14,05:30,short,0.03737,0.038678,0.036959,0.036436,0.035875,0.035128
BRETTUSDT,2025-11-14,05:30,short,0.02029,0.021,0.020067,0.019783,0.019478,0.019073
TAGUSDT,2025-11-14,05:30,short,0.000517,0.000536,0.000512,0.000505,0.000497,0.000486
TURTLEUSDT,2025-11-14,05:30,short,0.0939,0.097186,0.092867,0.091552,0.090144,0.088266
AKEUSDT,2025-11-14,05:30,short,0.000742,0.000768,0.000734,0.000723,0.000712,0.000697
POPCATUSDT,2025-11-14,05:30,short,0.1224,0.126684,0.121054,0.11934,0.117504,0.115056
VELVETUSDT,2025-11-14,05:30,long,0.22029,0.21258,0.222713,0.225797,0.229102,0.233507
FFUSDT,2025-11-14,05:30,short,0.13177,0.136382,0.130321,0.128476,0.126499,0.123864
AEVOUSDT,2025-11-14,05:30,short,0.05617,0.058136,0.055552,0.054766,0.053923,0.0528
METUSDT,2025-11-14,05:30,short,0.4204,0.435114,0.415776,0.40989,0.403584,0.395176
MOODENGUSDT,2025-11-14,01:30,short,0.08404,0.086981,0.083116,0.081939,0.080678,0.078998
XPINUSDT,2025-11-14,01:30,short,0.003494,0.003616,0.003456,0.003407,0.003354,0.003284
KOMAUSDT,2025-11-14,01:30,short,0.01496,0.015484,0.014795,0.014586,0.014362,0.014062
HEIUSDT,2025-11-14,01:30,short,0.2053,0.212485,0.203042,0.200167,0.197088,0.192982
VINEUSDT,2025-11-14,01:30,short,0.03399,0.03518,0.033616,0.03314,0.03263,0.031951
ASTERUSDT,2025-11-14,01:30,short,1.048,1.08468,1.036472,1.0218,1.00608,0.98512
BONKUSDT,2025-11-14,01:30,short,0.011345,0.011742,0.01122,0.011061,0.010891,0.010664
STBLUSDT,2025-11-14,01:30,short,0.07297,0.075524,0.072167,0.071146,0.070051,0.068592
PTBUSDT,2025-11-14,01:30,short,0.02798,0.028959,0.027672,0.02728,0.026861,0.026301
AVNTUSDT,2025-11-14,01:30,long,0.5162,0.498133,0.521878,0.529105,0.536848,0.547172
TACUSDT,2025-11-14,01:30,long,0.005013,0.004838,0.005068,0.005138,0.005214,0.005314
PENGUUSDT,2025-11-14,01:30,short,0.013165,0.013626,0.01302,0.012836,0.012638,0.012375
MOGUSDT,2025-11-14,01:30,long,0.3754,0.362261,0.379529,0.384785,0.390416,0.397924
IDOLUSDT,2025-11-14,01:30,short,0.03363,0.034807,0.03326,0.032789,0.032285,0.031612
FFUSDT,2025-11-14,01:30,long,0.1241,0.119757,0.125465,0.127202,0.129064,0.131546
STOUSDT,2025-11-12,21:30,long,0.17551,0.169367,0.177441,0.179898,0.18253,0.186041
KERNELUSDT,2025-11-12,21:30,short,0.1062,0.109917,0.105032,0.103545,0.101952,0.099828
TAUSDT,2025-11-12,21:30,short,0.04161,0.043066,0.041152,0.04057,0.039946,0.039113
BIOUSDT,2025-11-12,21:30,short,0.07293,0.075483,0.072128,0.071107,0.070013,0.068554
PIPPINUSDT,2025-11-12,21:30,short,0.03306,0.034217,0.032696,0.032233,0.031738,0.031076
STBLUSDT,2025-11-12,21:30,long,0.09263,0.089388,0.093649,0.094946,0.096335,0.098188
AKEUSDT,2025-11-12,21:30,short,0.000736,0.000762,0.000728,0.000718,0.000707,0.000692
TURTLEUSDT,2025-11-12,21:30,long,0.1086,0.104799,0.109795,0.111315,0.112944,0.115116
ASTERUSDT,2025-11-12,21:30,long,1.1289,1.089388,1.141318,1.157122,1.174056,1.196634
ICNTUSDT,2025-11-12,21:30,long,0.326,0.31459,0.329586,0.33415,0.33904,0.34556
POPCATUSDT,2025-11-12,21:30,long,0.1656,0.159804,0.167422,0.16974,0.172224,0.175536
VINEUSDT,2025-11-12,17:30,short,0.04401,0.04555,0.043526,0.04291,0.04225,0.041369
ESPORTSUSDT,2025-11-12,17:30,long,0.28909,0.278972,0.29227,0.296317,0.300654,0.306435
AEVOUSDT,2025-11-12,17:30,short,0.06055,0.062669,0.059884,0.059036,0.058128,0.056917
PARTIUSDT,2025-11-12,17:30,long,0.07382,0.071236,0.074632,0.075665,0.076773,0.078249
PTBUSDT,2025-11-12,17:30,long,0.03453,0.033321,0.03491,0.035393,0.035911,0.036602
METUSDT,2025-11-12,17:30,long,0.5357,0.51695,0.541593,0.549092,0.557128,0.567842
USELESSUSDT,2025-11-12,13:30,short,0.1786,0.183065,0.176635,0.174135,0.171456,0.168777
BIOUSDT,2025-11-12,13:30,short,0.07416,0.076014,0.073344,0.072306,0.071194,0.070081
AKEUSDT,2025-11-12,13:30,short,0.000764,0.000783,0.000756,0.000745,0.000734,0.000722
TURTLEUSDT,2025-11-12,13:30,long,0.1095,0.106762,0.110704,0.112237,0.11388,0.115523
STOUSDT,2025-11-12,13:30,long,0.17837,0.173911,0.180332,0.182829,0.185505,0.18818
POPCATUSDT,2025-11-12,13:30,long,0.161,0.156975,0.162771,0.165025,0.16744,0.169855
TAUSDT,2025-11-12,13:30,short,0.0418,0.042845,0.04134,0.040755,0.040128,0.039501
FFUSDT,2025-11-12,09:30,short,0.12938,0.132614,0.127957,0.126145,0.124205,0.122264
PARTIUSDT,2025-11-12,09:30,short,0.06918,0.07091,0.068419,0.067451,0.066413,0.065375
ALCHUSDT,2025-11-12,09:30,long,0.12944,0.126204,0.130864,0.132676,0.134618,0.136559
ICNTUSDT,2025-11-12,05:30,long,0.2912,0.28392,0.294403,0.29848,0.302848,0.307216
VINEUSDT,2025-11-12,05:30,short,0.04163,0.042671,0.041172,0.040589,0.039965,0.03934
TAUSDT,2025-11-12,05:30,short,0.0422,0.043255,0.041736,0.041145,0.040512,0.039879
USELESSUSDT,2025-11-12,05:30,short,0.1703,0.174558,0.168427,0.166043,0.163488,0.160934
AGTUSDT,2025-11-12,05:30,short,0.003659,0.00375,0.003619,0.003568,0.003513,0.003458
KERNELUSDT,2025-11-12,05:30,short,0.1042,0.106805,0.103054,0.101595,0.100032,0.098469
BIOUSDT,2025-11-12,05:30,short,0.07436,0.076219,0.073542,0.072501,0.071386,0.07027
PIPPINUSDT,2025-11-12,01:30,short,0.03463,0.035496,0.034249,0.033764,0.033245,0.032725
ALCHUSDT,2025-11-12,01:30,long,0.13196,0.128661,0.133412,0.135259,0.137238,0.139218
SOMIUSDT,2025-11-12,01:30,short,0.3625,0.371562,0.358513,0.353437,0.348,0.342562
FARTCOINUSDT,2025-11-12,01:30,short,0.3055,0.313137,0.30214,0.297862,0.29328,0.288697
ICNTUSDT,2025-11-11,09:30,long,0.2833,0.276218,0.286416,0.290382,0.294632,0.298881
ALCHUSDT,2025-11-11,09:30,long,0.12404,0.120939,0.125404,0.127141,0.129002,0.130862
XANUSDT,2025-11-11,05:30,long,0.03696,0.036036,0.037367,0.037884,0.038438,0.038993
FFUSDT,2025-11-11,05:30,long,0.14103,0.137504,0.142581,0.144556,0.146671,0.148787
BRETTUSDT,2025-11-11,05:30,long,0.0251,0.024473,0.025376,0.025727,0.026104,0.026481
USELESSUSDT,2025-11-11,05:30,long,0.211,0.205725,0.213321,0.216275,0.21944,0.222605
FARTCOINUSDT,2025-11-11,05:30,long,0.3411,0.332572,0.344852,0.349627,0.354744,0.35986
STBLUSDT,2025-11-11,05:30,long,0.09873,0.096262,0.099816,0.101198,0.102679,0.10416
TRUTHUSDT,2025-11-11,05:30,short,0.024988,0.025613,0.024713,0.024363,0.023988,0.023614
EULUSDT,2025-11-11,01:30,long,6.146,5.99235,6.213606,6.29965,6.39184,6.48403
ICNTUSDT,2025-11-11,01:30,long,0.318,0.31005,0.321498,0.32595,0.33072,0.33549
ALCHUSDT,2025-11-11,01:30,long,0.12395,0.120851,0.125313,0.127049,0.128908,0.130767
AGTUSDT,2025-11-11,01:30,long,0.004379,0.00427,0.004427,0.004488,0.004554,0.00462
SOMIUSDT,2025-11-11,01:30,long,0.411,0.400725,0.415521,0.421275,0.42744,0.433605
POPCATUSDT,2025-11-10,05:30,long,0.144,0.1404,0.145584,0.1476,0.14976,0.15192
MOODENGUSDT,2025-11-10,05:30,long,0.09771,0.095267,0.098785,0.100153,0.101618,0.103084
VELVETUSDT,2025-11-10,05:30,long,0.21356,0.208221,0.215909,0.218899,0.222102,0.225306
NOMUSDT,2025-11-10,05:30,long,0.01463,0.014264,0.014791,0.014996,0.015215,0.015435
FARTCOINUSDT,2025-11-10,05:30,long,0.3225,0.314437,0.326047,0.330562,0.3354,0.340237
ARCUSDT,2025-11-10,05:30,long,0.03018,0.029425,0.030512,0.030934,0.031387,0.03184
USELESSUSDT,2025-11-10,05:30,long,0.2176,0.21216,0.219994,0.22304,0.226304,0.229568
GOATUSDT,2025-11-10,01:30,long,0.05133,0.050047,0.051895,0.052613,0.053383,0.054153
RIVERUSDT,2025-11-10,01:30,short,7.039,7.214975,6.961571,6.863025,6.75744,6.651855
TRUTHUSDT,2025-11-10,01:30,long,0.037928,0.03698,0.038345,0.038876,0.039445,0.040014
CETUSUSDT,2025-11-08,17:30,long,0.04233,,,,,
ARIAUSDT,2025-11-08,17:30,short,0.15437,,,,,
VINEUSDT,2025-11-08,17:30,long,0.04375,,,,,
KOMAUSDT,2025-11-08,17:30,long,0.01777,,,,,
RATSUSDT,2025-11-08,17:30,short,0.03786,,,,,
GOATUSDT,2025-11-08,17:30,long,0.04863,,,,,
SOMIUSDT,2025-11-08,17:30,long,0.3938,,,,,
BONKUSDT,2025-11-08,17:30,long,0.013179,,,,,
FFUSDT,2025-11-08,17:30,long,0.13156,,,,,
PARTIUSDT,2025-11-08,17:30,long,0.07441,,,,,
BRUSDT,2025-11-08,13:30,long,0.08551,,,,,
IDOLUSDT,2025-11-08,13:30,long,0.03646,,,,,
POPCATUSDT,2025-11-08,13:30,long,0.1425,,,,,
CHILLGUYUSDT,2025-11-08,13:30,long,0.02229,,,,,
MOODENGUSDT,2025-11-08,13:30,long,0.09285,,,,,
BRETTUSDT,2025-11-08,13:30,long,0.0232,,,,,
AIXBTUSDT,2025-11-08,13:30,long,0.06705,,,,,
PROVEUSDT,2025-11-08,13:30,long,0.6174,,,,,
BLESSUSDT,2025-11-08,13:30,short,0.03899,,,,,
PIPPINUSDT,2025-11-08,09:30,long,0.03726,,,,,
KOMAUSDT,2025-11-08,09:30,long,0.01774,,,,,
PARTIUSDT,2025-11-08,09:30,long,0.06858,,,,,
SOMIUSDT,2025-11-08,09:30,long,0.3889,,,,,
VINEUSDT,2025-11-08,09:30,long,0.04403,,,,,
GOATUSDT,2025-11-08,09:30,long,0.0499,,,,,
ARIAUSDT,2025-11-08,09:30,short,0.15787,,,,,
BONKUSDT,2025-11-08,09:30,long,0.013187,,,,,
XPLUSDT,2025-11-08,09:30,long,0.321,,,,,
STBLUSDT,2025-11-08,09:30,long,0.07519,,,,,
GIGGLEUSDT,2025-11-08,09:30,short,139.28,,,,,
FARTCOINUSDT,2025-11-08,09:30,long,0.2955,,,,,
PENGUUSDT,2025-11-08,09:30,long,0.015734,,,,,
BIDUSDT,2025-11-08,05:30,long,0.05455,,,,,
AVAAIUSDT,2025-11-08,05:30,long,0.01484,,,,,
TACUSDT,2025-11-08,05:30,long,0.005729,,,,,
PROVEUSDT,2025-11-08,05:30,long,0.5942,,,,,
DOLOUSDT,2025-11-08,05:30,long,0.06796,,,,,
BRETTUSDT,2025-11-08,05:30,long,0.02389,,,,,
MOODENGUSDT,2025-11-08,05:30,long,0.09708,,,,,
SPXUSDT,2025-11-08,05:30,long,0.7206,,,,,
AVNTUSDT,2025-11-08,05:30,long,0.582,,,,,
AIXBTUSDT,2025-11-08,05:30,long,0.0694,,,,,
KOMAUSDT,2025-11-08,01:30,long,0.01813,,,,,
ARIAUSDT,2025-11-08,01:30,short,0.16152,,,,,
PUMPBTCUSDT,2025-11-08,01:30,long,0.04484,,,,,
ZEREBROUSDT,2025-11-08,01:30,short,0.04502,,,,,
CETUSUSDT,2025-11-08,01:30,long,0.0428,,,,,
TAGUSDT,2025-11-08,01:30,long,0.000545,,,,,
PARTIUSDT,2025-11-08,01:30,long,0.07352,,,,,
SOMIUSDT,2025-11-08,01:30,long,0.3939,,,,,
VINEUSDT,2025-11-08,01:30,long,0.04535,,,,,
GOATUSDT,2025-11-08,01:30,long,0.05059,,,,,
BRUSDT,2025-11-08,01:30,long,0.08924,,,,,
BONKUSDT,2025-11-08,01:30,long,0.013747,,,,,
STBLUSDT,2025-11-08,01:30,long,0.08424,,,,,
XPLUSDT,2025-11-08,01:30,long,0.3147,,,,,
PIPPINUSDT,2025-11-08,01:30,long,0.03608,,,,,
POPCATUSDT,2025-11-08,01:30,long,0.1476,,,,,
ARIAUSDT,2025-11-07,13:30,short,0.1749,,,,,
PARTIUSDT,2025-11-07,13:30,long,0.06561,,,,,
TAGUSDT,2025-11-07,13:30,long,0.000518,,,,,
RIVERUSDT,2025-11-07,13:30,long,7.669,,,,,
TAUSDT,2025-11-07,13:30,long,0.04286,,,,,
AIAUSDT,2025-11-07,13:30,long,12.6829,,,,,
TRUTHUSDT,2025-11-07,09:30,long,0.016971,,,,,
BTRUSDT,2025-11-07,09:30,long,0.05986,,,,,
MYXUSDT,2025-11-07,09:30,long,2.324,,,,,
HANAUSDT,2025-11-07,09:30,long,0.03198,,,,,
BLESSUSDT,2025-11-07,09:30,long,0.04476,,,,,
GIGGLEUSDT,2025-11-07,05:30,long,210.64,,,,,
TAGUSDT,2025-11-07,05:30,long,0.000547,,,,,
BASUSDT,2025-11-07,05:30,long,0.009,,,,,
ALCHUSDT,2025-11-07,05:30,long,0.09769,,,,,
RIVERUSDT,2025-11-07,05:30,long,7.917,,,,,
XPLUSDT,2025-11-07,05:30,short,0.255,,,,,
AIAUSDT,2025-11-07,05:30,long,7.3209,,,,,
BTRUSDT,2025-11-07,01:30,long,0.06123,,,,,
TRUTHUSDT,2025-11-07,01:30,long,0.016985,,,,,
JELLYJELLYUSDT,2025-11-07,01:30,short,0.09149,,,,,
BLESSUSDT,2025-11-07,01:30,long,0.04666,,,,,
RATSUSDT,2025-11-07,01:30,long,0.04049,,,,,
ICNTUSDT,2025-11-07,01:30,short,0.2508,,,,,
ALCHUSDT,2025-11-06,21:30,long,0.09434,,,,,
AIAUSDT,2025-11-06,21:30,long,5.5296,,,,,
GIGGLEUSDT,2025-11-06,21:30,long,190.47,,,,,
TAGUSDT,2025-11-06,21:30,long,0.00054,,,,,
PARTIUSDT,2025-11-06,21:30,long,0.05846,,,,,
TRUTHUSDT,2025-11-06,17:30,long,0.01683,,,,,
ICNTUSDT,2025-11-06,17:30,short,0.2579,,,,,
NAORISUSDT,2025-11-06,17:30,short,0.03463,,,,,
RATSUSDT,2025-11-06,17:30,long,0.04312,,,,,
AIAUSDT,2025-11-06,13:30,short,2.1549,,,,,
ALCHUSDT,2025-11-06,13:30,long,0.09265,,,,,
TAGUSDT,2025-11-06,13:30,long,0.000513,,,,,
XPLUSDT,2025-11-06,13:30,long,0.2771,,,,,
GIGGLEUSDT,2025-11-06,13:30,long,223.28,,,,,
RATSUSDT,2025-11-06,09:30,long,0.04257,,,,,
BTRUSDT,2025-11-06,09:30,long,0.05927,,,,,
BRUSDT,2025-11-06,09:30,long,0.07818,,,,,
SOMIUSDT,2025-11-06,09:30,long,0.3649,,,,,
TRUTHUSDT,2025-11-06,09:30,long,0.015851,,,,,
NAORISUSDT,2025-11-06,09:30,short,0.0339,,,,,
ASTERUSDT,2025-11-06,09:30,long,1.166,,,,,
MAVIAUSDT,2025-11-06,09:30,long,0.09582,,,,,
XPINUSDT,2025-11-06,09:30,short,0.003917,,,,,
KOMAUSDT,2025-11-05,09:30,short,0.01637,,,,,
VFYUSDT,2025-11-05,09:30,short,0.06019,,,,,
AIOTUSDT,2025-11-05,09:30,short,0.5522,,,,,
BIOUSDT,2025-11-05,09:30,short,0.07575,,,,,
BIDUSDT,2025-11-05,09:30,short,0.05383,,,,,
SOONUSDT,2025-11-05,09:30,long,0.7158,,,,,
PROVEUSDT,2025-11-05,09:30,short,0.5884,,,,,
STOUSDT,2025-11-05,09:30,long,0.17226,,,,,
BRUSDT,2025-11-05,09:30,long,0.0834,,,,,
HEIUSDT,2025-11-05,09:30,short,0.2101,,,,,
XPINUSDT,2025-11-05,09:30,short,0.00362,,,,,
AIOUSDT,2025-11-05,09:30,short,0.1384,,,,,
NAORISUSDT,2025-11-05,09:30,short,0.0394,,,,,
CHILLGUYUSDT,2025-11-05,09:30,short,0.02226,,,,,
XPLUSDT,2025-11-05,09:30,short,0.2653,,,,,
AIAUSDT,2025-11-05,09:30,long,2.9179,,,,,
IDOLUSDT,2025-11-05,05:30,short,0.0337,,,,,
GOATUSDT,2025-11-05,05:30,short,0.04377,,,,,
PUMPBTCUSDT,2025-11-05,05:30,short,0.04032,,,,,
ALCHUSDT,2025-11-05,05:30,long,0.08308,,,,,
TAUSDT,2025-11-05,05:30,short,0.04015,,,,,
GRIFFAINUSDT,2025-11-05,05:30,short,0.01665,,,,,
VINEUSDT,2025-11-05,05:30,short,0.03945,,,,,
JELLYJELLYUSDT,2025-11-05,05:30,long,0.27864,,,,,
BRETTUSDT,2025-11-05,05:30,short,0.02123,,,,,
SOMIUSDT,2025-11-05,05:30,short,0.3315,,,,,
USELESSUSDT,2025-11-05,05:30,short,0.1538,,,,,
SPXUSDT,2025-11-05,05:30,short,0.642,,,,,
FARTCOINUSDT,2025-11-05,05:30,short,0.2567,,,,,
PARTIUSDT,2025-11-05,05:30,short,0.05404,,,,,
TRUTHUSDT,2025-11-05,05:30,long,0.014561,,,,,
ARCUSDT,2025-11-05,01:30,long,0.02864,,,,,
CHILLGUYUSDT,2025-11-05,01:30,short,0.02162,,,,,
ASTERUSDT,2025-11-05,01:30,short,0.9514,,,,,
HEIUSDT,2025-11-05,01:30,short,0.2079,,,,,
AIOTUSDT,2025-11-05,01:30,short,0.5257,,,,,
XPLUSDT,2025-11-05,01:30,short,0.236,,,,,
XPINUSDT,2025-11-05,01:30,short,0.003879,,,,,
PROVEUSDT,2025-11-05,01:30,short,0.5715,,,,,
BIDUSDT,2025-11-05,01:30,short,0.0516,,,,,
BIOUSDT,2025-11-05,01:30,short,0.0701,,,,,
BRUSDT,2025-11-05,01:30,long,0.08256,,,,,
ZEREBROUSDT,2025-11-05,01:30,long,0.05442,,,,,
AIAUSDT,2025-11-05,01:30,long,2.4433,,,,,
RIVERUSDT,2025-11-05,01:30,long,7.59,,,,,
SOMIUSDT,2025-11-04,21:30,short,0.3552,,,,,
DOLOUSDT,2025-11-04,21:30,short,0.06838,,,,,
BONKUSDT,2025-11-04,21:30,short,0.011788,,,,,
NAORISUSDT,2025-11-04,21:30,long,0.06563,,,,,
GRIFFAINUSDT,2025-11-04,21:30,short,0.01702,,,,,
PENGUUSDT,2025-11-04,21:30,short,0.014631,,,,,
JELLYJELLYUSDT,2025-11-04,21:30,long,0.24406,,,,,
USELESSUSDT,2025-11-04,21:30,short,0.1565,,,,,
TRUTHUSDT,2025-11-04,21:30,long,0.013901,,,,,
MOODENGUSDT,2025-11-04,21:30,short,0.08573,,,,,
TAUSDT,2025-11-04,21:30,short,0.03952,,,,,
TAGUSDT,2025-11-04,21:30,short,0.000431,,,,,
BLESSUSDT,2025-11-04,21:30,long,0.05094,,,,,
HEIUSDT,2025-11-04,17:30,short,0.23,,,,,
KOMAUSDT,2025-11-04,17:30,short,0.01661,,,,,
PROVEUSDT,2025-11-04,17:30,short,0.5946,,,,,
CHILLGUYUSDT,2025-11-04,17:30,short,0.02273,,,,,
KERNELUSDT,2025-11-04,17:30,short,0.1059,,,,,
VFYUSDT,2025-11-04,17:30,short,0.06049,,,,,
ZEREBROUSDT,2025-11-04,17:30,long,0.05577,,,,,
BIOUSDT,2025-11-04,17:30,short,0.07403,,,,,
BLESSUSDT,2025-11-04,17:30,short,0.04249,,,,,
ARCUSDT,2025-11-04,17:30,long,0.02796,,,,,
ASTERUSDT,2025-11-04,17:30,short,0.9389,,,,,
DOLOUSDT,2025-11-04,13:30,short,0.06663,,,,,
POPCATUSDT,2025-11-04,13:30,short,0.1181,,,,,
SOMIUSDT,2025-11-04,13:30,short,0.3382,,,,,
NAORISUSDT,2025-11-04,13:30,long,0.0565,,,,,
CETUSUSDT,2025-11-04,13:30,short,0.03885,,,,,
PARTIUSDT,2025-11-04,13:30,short,0.05519,,,,,
NOMUSDT,2025-11-04,13:30,short,0.01459,,,,,
STBLUSDT,2025-11-04,13:30,short,0.06533,,,,,
BRETTUSDT,2025-11-04,13:30,short,0.02162,,,,,
PENGUUSDT,2025-11-04,13:30,short,0.014594,,,,,
GOATUSDT,2025-11-04,13:30,short,0.04423,,,,,
MOODENGUSDT,2025-11-04,13:30,short,0.08408,,,,,
ALCHUSDT,2025-11-04,13:30,short,0.06478,,,,,
FARTCOINUSDT,2025-11-04,13:30,short,0.2399,,,,,
SPXUSDT,2025-11-04,13:30,short,0.6509,,,,,
BONKUSDT,2025-11-04,13:30,short,0.011512,,,,,
JELLYJELLYUSDT,2025-11-04,13:30,long,0.1932,,,,,
VINEUSDT,2025-11-04,13:30,short,0.03894,,,,,
USELESSUSDT,2025-11-04,13:30,short,0.1587,,,,,
BRETTUSDT,2025-11-04,05:30,short,0.02263,,,,,
BONKUSDT,2025-11-04,05:30,short,0.011933,,,,,
POPCATUSDT,2025-11-04,05:30,short,0.1241,,,,,
FARTCOINUSDT,2025-11-04,05:30,short,0.2639,,,,,
GRIFFAINUSDT,2025-11-04,05:30,short,0.01748,,,,,
PENGUUSDT,2025-11-04,05:30,short,0.015482,,,,,
SOMIUSDT,2025-11-04,05:30,short,0.342,,,,,
TAUSDT,2025-11-04,05:30,short,0.03784,,,,,
CHILLGUYUSDT,2025-11-04,05:30,short,0.02295,,,,,
PARTIUSDT,2025-11-04,05:30,short,0.0582,,,,,
STBLUSDT,2025-11-04,05:30,short,0.06836,,,,,
PUMPBTCUSDT,2025-11-04,05:30,short,0.04047,,,,,
SPXUSDT,2025-11-04,05:30,short,0.7286,,,,,
JELLYJELLYUSDT,2025-11-04,05:30,long,0.20678,,,,,
PROVEUSDT,2025-11-04,01:30,short,0.5849,,,,,
HEIUSDT,2025-11-04,01:30,short,0.2378,,,,,
AIOUSDT,2025-11-04,01:30,short,0.14867,,,,,
KOMAUSDT,2025-11-04,01:30,short,0.01619,,,,,
MYXUSDT,2025-11-04,01:30,short,1.802,,,,,
NAORISUSDT,2025-11-04,01:30,long,0.05258,,,,,
AIOTUSDT,2025-11-04,01:30,short,0.5616,,,,,
ARCUSDT,2025-11-04,01:30,long,0.02171,,,,,
ALCHUSDT,2025-11-04,01:30,short,0.06705,,,,,
ASTERUSDT,2025-11-04,01:30,short,0.9467,,,,,
BIOUSDT,2025-11-04,01:30,short,0.07637,,,,,
AGTUSDT,2025-11-03,21:30,short,0.003366,,,,,
CETUSUSDT,2025-11-03,21:30,short,0.03922,,,,,
USELESSUSDT,2025-11-03,21:30,short,0.1911,,,,,
STBLUSDT,2025-11-03,21:30,short,0.07057,,,,,
GOATUSDT,2025-11-03,21:30,short,0.04465,,,,,
ZORAUSDT,2025-11-03,21:30,short,0.05982,,,,,
XNYUSDT,2025-11-03,21:30,short,0.00468,,,,,
RATSUSDT,2025-11-03,21:30,long,0.03503,,,,,
BRETTUSDT,2025-11-03,21:30,short,0.02254,,,,,
MOODENGUSDT,2025-11-03,21:30,short,0.08643,,,,,
XPLUSDT,2025-11-03,21:30,short,0.2593,,,,,
CHILLGUYUSDT,2025-11-03,21:30,short,0.02233,,,,,
NOMUSDT,2025-11-03,21:30,short,0.01511,,,,,
FARTCOINUSDT,2025-11-03,21:30,short,0.2672,,,,,
JELLYJELLYUSDT,2025-11-03,21:30,long,0.1477,,,,,
KOMAUSDT,2025-11-03,17:30,short,0.01705,,,,,
MYXUSDT,2025-11-03,17:30,short,1.897,,,,,
PROVEUSDT,2025-11-03,17:30,short,0.6165,,,,,
BANUSDT,2025-11-03,17:30,short,0.06179,,,,,
NAORISUSDT,2025-11-03,17:30,long,0.05229,,,,,
ARCUSDT,2025-11-03,17:30,long,0.02198,,,,,
BIOUSDT,2025-11-03,17:30,short,0.07979,,,,,
POPCATUSDT,2025-11-03,13:30,short,0.1352,,,,,
SPXUSDT,2025-11-03,13:30,short,0.7715,,,,,
GOATUSDT,2025-11-03,13:30,short,0.04861,,,,,
AVAAIUSDT,2025-11-03,13:30,short,0.01397,,,,,
CETUSUSDT,2025-11-03,13:30,short,0.04232,,,,,
MOODENGUSDT,2025-11-03,13:30,short,0.0955,,,,,
VINEUSDT,2025-11-03,13:30,short,0.04059,,,,,
BONKUSDT,2025-11-03,13:30,short,0.013032,,,,,
XNYUSDT,2025-11-03,13:30,short,0.00523,,,,,
BIDUSDT,2025-11-03,09:30,long,0.05752,,,,,
ARCUSDT,2025-11-03,09:30,long,0.01911,,,,,
ASTERUSDT,2025-11-03,09:30,long,1.0663,,,,,
HEIUSDT,2025-11-03,05:30,long,0.2679,,,,,
VFYUSDT,2025-11-03,05:30,short,0.06978,,,,,
XNYUSDT,2025-11-03,05:30,short,0.005818,,,,,
ICNTUSDT,2025-11-03,05:30,long,0.3169,,,,,
AVAAIUSDT,2025-11-03,01:30,short,0.01371,,,,,
AIOTUSDT,2025-11-03,01:30,long,0.6255,,,,,
BANUSDT,2025-11-03,01:30,short,0.06039,,,,,
ARCUSDT,2025-11-03,01:30,long,0.01852,,,,,
ASTERUSDT,2025-11-03,01:30,long,1.1748,,,,,
IDOLUSDT,2025-11-02,21:30,long,0.03641,,,,,
BIOUSDT,2025-11-02,21:30,long,0.08787,,,,,
XNYUSDT,2025-11-02,21:30,short,0.005605,,,,,
JELLYJELLYUSDT,2025-11-02,21:30,short,0.06471,,,,,
LIGHTUSDT,2025-11-02,21:30,short,1.4816,,,,,
ICNTUSDT,2025-11-02,21:30,long,0.3272,,,,,
AVAAIUSDT,2025-11-02,17:30,short,0.0138,,,,,
AIOTUSDT,2025-11-02,17:30,long,0.6465,,,,,
ARCUSDT,2025-11-02,17:30,long,0.01776,,,,,
BANUSDT,2025-11-02,17:30,short,0.05759,,,,,
VELVETUSDT,2025-11-02,13:30,long,0.27273,,,,,
UBUSDT,2025-11-02,13:30,short,0.07082,,,,,
LIGHTUSDT,2025-11-02,13:30,short,1.4128,,,,,
JELLYJELLYUSDT,2025-11-02,13:30,short,0.06273,,,,,
XNYUSDT,2025-11-02,13:30,short,0.005621,,,,,
AIOTUSDT,2025-11-02,09:30,long,0.6688,,,,,
GRIFFAINUSDT,2025-11-02,05:30,long,0.0213,,,,,
VFYUSDT,2025-11-02,05:30,long,0.07743,,,,,
VELVETUSDT,2025-11-02,05:30,long,0.26283,,,,,
ARCUSDT,2025-11-02,05:30,long,0.01757,,,,,
AIXBTUSDT,2025-11-02,05:30,long,0.08163,,,,,
UBUSDT,2025-11-02,05:30,short,0.06641,,,,,
JELLYJELLYUSDT,2025-11-02,05:30,short,0.05747,,,,,
AIAUSDT,2025-11-02,05:30,long,1.4338,,,,,
MYXUSDT,2025-11-02,05:30,long,2.433,,,,,
XNYUSDT,2025-11-02,05:30,short,0.005555,,,,,
LIGHTUSDT,2025-11-02,01:30,short,1.5426,,,,,
AIOTUSDT,2025-11-02,01:30,long,0.6496,,,,,
PIPPINUSDT,2025-11-02,01:30,long,0.03916,,,,,
SOONUSDT,2025-11-01,21:30,short,0.7287,,,,,
AVAAIUSDT,2025-11-01,21:30,long,0.01519,,,,,
GRIFFAINUSDT,2025-11-01,21:30,long,0.02115,,,,,
ALCHUSDT,2025-11-01,21:30,short,0.0701,,,,,
RATSUSDT,2025-11-01,21:30,long,0.0338,,,,,
UBUSDT,2025-11-01,21:30,short,0.0613,,,,,
ARCUSDT,2025-11-01,21:30,long,0.01709,,,,,
VELVETUSDT,2025-11-01,21:30,long,0.26847,,,,,
VFYUSDT,2025-11-01,21:30,long,0.07628,,,,,
AIXBTUSDT,2025-11-01,21:30,long,0.08162,,,,,
JELLYJELLYUSDT,2025-11-01,21:30,short,0.06044,,,,,
AIAUSDT,2025-11-01,21:30,long,1.4904,,,,,
DOLOUSDT,2025-11-01,17:30,long,0.08186,,,,,
PIPPINUSDT,2025-11-01,17:30,long,0.03121,,,,,
AIOTUSDT,2025-11-01,17:30,long,0.5851,,,,,
ZEREBROUSDT,2025-11-01,17:30,long,0.04397,,,,,
AVAAIUSDT,2025-11-01,13:30,long,0.0156,,,,,
GRIFFAINUSDT,2025-11-01,13:30,long,0.02086,,,,,
BONKUSDT,2025-11-01,13:30,long,0.014189,,,,,
AIXBTUSDT,2025-11-01,13:30,long,0.08192,,,,,
AVNTUSDT,2025-11-01,13:30,long,0.6813,,,,,
JELLYJELLYUSDT,2025-11-01,13:30,short,0.09008,,,,,
BIDUSDT,2025-11-01,13:30,long,0.06292,,,,,
ARCUSDT,2025-11-01,13:30,long,0.01705,,,,,
VFYUSDT,2025-11-01,13:30,long,0.08158,,,,,
ICNTUSDT,2025-11-01,13:30,long,0.2679,,,,,
BRUSDT,2025-11-01,09:30,long,0.07751,,,,,
AIOTUSDT,2025-11-01,09:30,long,0.5089,,,,,
DOLOUSDT,2025-11-01,09:30,long,0.08464,,,,,
ZEREBROUSDT,2025-11-01,09:30,long,0.04595,,,,,
PIPPINUSDT,2025-11-01,09:30,long,0.0399,,,,,
SOONUSDT,2025-11-01,05:30,short,0.7163,,,,,
RATSUSDT,2025-11-01,05:30,long,0.03396,,,,,
ARCUSDT,2025-11-01,05:30,long,0.01616,,,,,
TAGUSDT,2025-11-01,05:30,long,0.000519,,,,,
BONKUSDT,2025-11-01,05:30,long,0.013958,,,,,
VELVETUSDT,2025-11-01,05:30,long,0.24667,,,,,
AVAAIUSDT,2025-11-01,05:30,long,0.01479,,,,,
PENGUUSDT,2025-11-01,05:30,short,0.018108,,,,,
ICNTUSDT,2025-11-01,05:30,long,0.2873,,,,,
BRUSDT,2025-11-01,01:30,long,0.07707,,,,,
ZEREBROUSDT,2025-11-01,01:30,long,0.04686,,,,,
AIAUSDT,2025-11-01,01:30,long,1.2373,,,,,
USELESSUSDT,2025-11-01,01:30,short,0.2332,,,,,
PIPPINUSDT,2025-11-01,01:30,long,0.03923,,,,,
DOLOUSDT,2025-11-01,01:30,long,0.08355,,,,,
BIOUSDT,2025-11-01,01:30,long,0.08524,,,,,
FARTCOINUSDT,2025-11-01,01:30,short,0.3163,,,,,
POPCATUSDT,2025-11-01,01:30,short,0.1412,,,,,
RATSUSDT,2025-10-31,21:30,long,0.03277,,,,,
AVAAIUSDT,2025-10-31,21:30,long,0.01463,,,,,
ICNTUSDT,2025-10-31,21:30,long,0.3188,,,,,
ARCUSDT,2025-10-31,21:30,long,0.01581,,,,,
PENGUUSDT,2025-10-31,21:30,short,0.018611,,,,,
JELLYJELLYUSDT,2025-10-31,21:30,long,0.14096,,,,,
VELVETUSDT,2025-10-31,21:30,long,0.23554,,,,,
SOONUSDT,2025-10-31,21:30,short,0.7099,,,,,
BRUSDT,2025-10-31,17:30,long,0.07651,,,,,
CETUSUSDT,2025-10-31,17:30,short,0.0474,,,,,
DOLOUSDT,2025-10-31,17:30,short,0.0778,,,,,
POPCATUSDT,2025-10-31,17:30,short,0.143,,,,,
BTRUSDT,2025-10-31,17:30,short,0.06763,,,,,
VINEUSDT,2025-10-31,17:30,short,0.04357,,,,,
BONKUSDT,2025-10-31,17:30,short,0.01372,,,,,
GOATUSDT,2025-10-31,17:30,short,0.05078,,,,,
ZEREBROUSDT,2025-10-31,17:30,long,0.04758,,,,,
USELESSUSDT,2025-10-31,17:30,short,0.2451,,,,,
ARCUSDT,2025-10-31,13:30,long,0.01493,,,,,
ICNTUSDT,2025-10-31,13:30,long,0.2884,,,,,
TAGUSDT,2025-10-31,13:30,long,0.000512,,,,,
HEIUSDT,2025-10-31,13:30,long,0.2423,,,,,
VELVETUSDT,2025-10-31,13:30,long,0.23092,,,,,
PENGUUSDT,2025-10-31,13:30,short,0.018676,,,,,
PIPPINUSDT,2025-10-31,13:30,long,0.03672,,,,,
EVAAUSDT,2025-10-31,13:30,short,8.609,,,,,
PARTIUSDT,2025-10-30,21:30,short,0.0649,,,,,
AVAAIUSDT,2025-10-30,21:30,short,0.01274,,,,,
ICNTUSDT,2025-10-30,21:30,short,0.1791,,,,,
ARIAUSDT,2025-10-30,21:30,long,0.18081,,,,,
PENGUUSDT,2025-10-30,21:30,short,0.018716,,,,,
KERNELUSDT,2025-10-30,21:30,short,0.1301,,,,,
AGTUSDT,2025-10-30,21:30,short,0.00409,,,,,
VELVETUSDT,2025-10-30,21:30,short,0.19581,,,,,
GRIFFAINUSDT,2025-10-30,21:30,short,0.01795,,,,,
XPLUSDT,2025-10-30,21:30,short,0.2946,,,,,
BRUSDT,2025-10-30,21:30,long,0.07178,,,,,
HANAUSDT,2025-10-30,21:30,short,0.03325,,,,,
TAGUSDT,2025-10-30,21:30,long,0.000482,,,,,
SOMIUSDT,2025-10-30,21:30,short,0.3767,,,,,
BRETTUSDT,2025-10-30,17:30,short,0.02802,,,,,
GOATUSDT,2025-10-30,17:30,short,0.05106,,,,,
MOODENGUSDT,2025-10-30,17:30,short,0.10934,,,,,
CHILLGUYUSDT,2025-10-30,17:30,short,0.02627,,,,,
POPCATUSDT,2025-10-30,17:30,short,0.1485,,,,,
VINEUSDT,2025-10-30,17:30,short,0.04323,,,,,
STBLUSDT,2025-10-30,17:30,short,0.09199,,,,,
BIOUSDT,2025-10-30,17:30,short,0.08256,,,,,
JELLYJELLYUSDT,2025-10-30,17:30,long,0.13597,,,,,
FARTCOINUSDT,2025-10-30,17:30,short,0.3589,,,,,
SPXUSDT,2025-10-30,17:30,short,0.9544,,,,,
BONKUSDT,2025-10-30,17:30,short,0.013927,,,,,
PARTIUSDT,2025-10-30,13:30,short,0.0703,,,,,
ICNTUSDT,2025-10-30,13:30,short,0.1888,,,,,
AIOTUSDT,2025-10-30,13:30,short,0.43,,,,,
XPLUSDT,2025-10-30,13:30,short,0.3117,,,,,
VELVETUSDT,2025-10-30,13:30,short,0.20248,,,,,
MYXUSDT,2025-10-30,13:30,short,2.313,,,,,
PENGUUSDT,2025-10-30,13:30,short,0.02094,,,,,
KERNELUSDT,2025-10-30,13:30,short,0.1409,,,,,
VINEUSDT,2025-10-30,09:30,short,0.04542,,,,,
BRETTUSDT,2025-10-30,09:30,short,0.02951,,,,,
GOATUSDT,2025-10-30,09:30,short,0.05321,,,,,
TAGUSDT,2025-10-30,09:30,short,0.000456,,,,,
CETUSUSDT,2025-10-30,09:30,short,0.04882,,,,,
JELLYJELLYUSDT,2025-10-30,09:30,long,0.11833,,,,,
DOLOUSDT,2025-10-30,09:30,long,0.08408,,,,,
AGTUSDT,2025-10-30,09:30,short,0.004561,,,,,
MOODENGUSDT,2025-10-30,09:30,short,0.11374,,,,,
SPXUSDT,2025-10-30,09:30,short,1.0265,,,,,
BONKUSDT,2025-10-30,09:30,short,0.01442,,,,,
BIOUSDT,2025-10-30,09:30,short,0.08598,,,,,
DOLOUSDT,2025-10-29,17:30,short,0.08104,,,,,
VELVETUSDT,2025-10-29,17:30,short,0.20431,,,,,
ICNTUSDT,2025-10-29,17:30,short,0.198,,,,,
VINEUSDT,2025-10-29,17:30,short,0.04688,,,,,
POPCATUSDT,2025-10-29,17:30,short,0.1527,,,,,
CHILLGUYUSDT,2025-10-29,17:30,short,0.02749,,,,,
CETUSUSDT,2025-10-29,17:30,short,0.04972,,,,,
GOATUSDT,2025-10-29,17:30,short,0.05447,,,,,
EVAAUSDT,2025-10-29,17:30,short,11.378,,,,,
JELLYJELLYUSDT,2025-10-29,17:30,long,0.09091,,,,,
MAVIAUSDT,2025-10-29,17:30,short,0.12922,,,,,
STOUSDT,2025-10-29,17:30,short,0.15753,,,,,
HEIUSDT,2025-10-29,05:30,long,0.2421,,,,,
MOODENGUSDT,2025-10-29,05:30,short,0.11291,,,,,
KOMAUSDT,2025-10-29,05:30,short,0.01867,,,,,
BONKUSDT,2025-10-29,05:30,short,0.014339,,,,,
ALCHUSDT,2025-10-29,05:30,long,0.07864,,,,,
DOLOUSDT,2025-10-29,05:30,short,0.07936,,,,,
CETUSUSDT,2025-10-29,05:30,short,0.04907,,,,,
JELLYJELLYUSDT,2025-10-29,05:30,short,0.08032,,,,,
UBUSDT,2025-10-29,05:30,long,0.087128,,,,,
RECALLUSDT,2025-10-29,05:30,short,0.38965,,,,,
RATSUSDT,2025-10-29,05:30,long,0.0324,,,,,
FARTCOINUSDT,2025-10-29,05:30,short,0.3672,,,,,
AIOTUSDT,2025-10-29,05:30,long,0.4593,,,,,
AIXBTUSDT,2025-10-29,05:30,short,0.07957,,,,,
PENGUUSDT,2025-10-29,05:30,short,0.020537,,,,,
POPCATUSDT,2025-10-29,01:30,short,0.1521,,,,,
GRIFFAINUSDT,2025-10-29,01:30,short,0.02005,,,,,
FFUSDT,2025-10-29,01:30,short,0.14726,,,,,
VINEUSDT,2025-10-29,01:30,short,0.04528,,,,,
SPXUSDT,2025-10-29,01:30,short,1.0185,,,,,
AVAAIUSDT,2025-10-29,01:30,short,0.01419,,,,,
BIOUSDT,2025-10-29,01:30,short,0.08488,,,,,
EVAAUSDT,2025-10-29,01:30,short,11.044,,,,,
MAVIAUSDT,2025-10-29,01:30,short,0.13546,,,,,
POPCATUSDT,2025-10-28,17:30,short,0.1568,,,,,
MAVIAUSDT,2025-10-28,17:30,long,0.17723,,,,,
PARTIUSDT,2025-10-28,17:30,short,0.072,,,,,
MOODENGUSDT,2025-10-28,17:30,short,0.11763,,,,,
VINEUSDT,2025-10-28,17:30,short,0.04611,,,,,
AVAAIUSDT,2025-10-28,17:30,short,0.01507,,,,,
FFUSDT,2025-10-28,17:30,short,0.15196,,,,,
GRIFFAINUSDT,2025-10-28,17:30,short,0.02134,,,,,
HEIUSDT,2025-10-28,13:30,short,0.2365,,,,,
BIDUSDT,2025-10-28,13:30,short,0.0598,,,,,
ALCHUSDT,2025-10-28,13:30,long,0.07807,,,,,
STOUSDT,2025-10-28,13:30,short,0.15951,,,,,
SPXUSDT,2025-10-28,13:30,short,1.054,,,,,
PENGUUSDT,2025-10-28,13:30,short,0.021163,,,,,
RECALLUSDT,2025-10-28,13:30,long,0.50987,,,,,
SOMIUSDT,2025-10-28,13:30,short,0.4871,,,,,
GOATUSDT,2025-10-28,13:30,short,0.05444,,,,,
UBUSDT,2025-10-28,13:30,long,0.081194,,,,,
VFYUSDT,2025-10-28,09:30,short,0.0769,,,,,
GRIFFAINUSDT,2025-10-28,09:30,short,0.02035,,,,,
POPCATUSDT,2025-10-28,09:30,short,0.1543,,,,,
DOLOUSDT,2025-10-28,09:30,short,0.0835,,,,,
BIOUSDT,2025-10-28,09:30,long,0.08911,,,,,
FFUSDT,2025-10-28,09:30,short,0.15445,,,,,
PARTIUSDT,2025-10-28,09:30,short,0.0717,,,,,
EVAAUSDT,2025-10-28,09:30,long,12.145,,,,,
MAVIAUSDT,2025-10-28,09:30,long,0.24094,,,,,
JELLYJELLYUSDT,2025-10-28,05:30,long,0.08186,,,,,
IDOLUSDT,2025-10-28,05:30,long,0.03731,,,,,
CHILLGUYUSDT,2025-10-28,05:30,long,0.02891,,,,,
ALCHUSDT,2025-10-28,05:30,long,0.07774,,,,,
BANUSDT,2025-10-28,01:30,long,0.07624,,,,,
EVAAUSDT,2025-10-28,01:30,long,12.657,,,,,
STOUSDT,2025-10-28,01:30,short,0.16972,,,,,
AIOUSDT,2025-10-28,01:30,short,0.14971,,,,,
SOMIUSDT,2025-10-28,01:30,short,0.4878,,,,,
MAVIAUSDT,2025-10-28,01:30,long,0.23849,,,,,
PARTIUSDT,2025-10-28,01:30,short,0.0746,,,,,
IDOLUSDT,2025-10-27,21:30,long,0.03762,,,,,
JELLYJELLYUSDT,2025-10-27,21:30,long,0.08269,,,,,
CETUSUSDT,2025-10-27,21:30,long,0.05147,,,,,
BRETTUSDT,2025-10-27,21:30,long,0.03205,,,,,
UBUSDT,2025-10-27,21:30,long,0.079186,,,,,
BIDUSDT,2025-10-27,09:30,long,0.0693,,,,,
NAORISUSDT,2025-10-27,09:30,long,0.05403,,,,,
ALCHUSDT,2025-10-27,09:30,long,0.07422,,,,,
PIPPINUSDT,2025-10-27,09:30,short,0.01895,,,,,
EVAAUSDT,2025-10-27,09:30,long,11.8219,,,,,
FFUSDT,2025-10-27,09:30,long,0.19982,,,,,
CETUSUSDT,2025-10-27,05:30,long,0.05228,,,,,
TACUSDT,2025-10-27,05:30,long,0.00566,,,,,
AVAAIUSDT,2025-10-27,05:30,long,0.01537,,,,,
BRETTUSDT,2025-10-27,05:30,long,0.03054,,,,,
RATSUSDT,2025-10-27,05:30,long,0.0331,,,,,
XNYUSDT,2025-10-27,05:30,long,0.007218,,,,,
AIXBTUSDT,2025-10-27,05:30,long,0.0945,,,,,
BIDUSDT,2025-10-27,01:30,long,0.06537,,,,,
TAUSDT,2025-10-27,01:30,long,0.05504,,,,,
PIPPINUSDT,2025-10-27,01:30,short,0.01911,,,,,
ALCHUSDT,2025-10-27,01:30,long,0.07036,,,,,
FFUSDT,2025-10-27,01:30,long,0.18689,,,,,
RATSUSDT,2025-10-26,21:30,long,0.03302,,,,,
XNYUSDT,2025-10-26,21:30,long,0.007261,,,,,
AIOUSDT,2025-10-26,21:30,short,0.15569,,,,,
UBUSDT,2025-10-26,21:30,long,0.072257,,,,,
TACUSDT,2025-10-26,17:30,long,0.00554,,,,,
AVAAIUSDT,2025-10-26,17:30,long,0.01567,,,,,
PIPPINUSDT,2025-10-26,17:30,short,0.02003,,,,,
BIDUSDT,2025-10-26,17:30,long,0.06657,,,,,
AIXBTUSDT,2025-10-26,17:30,long,0.09373,,,,,
XNYUSDT,2025-10-26,13:30,long,0.007127,,,,,
NAORISUSDT,2025-10-26,13:30,long,0.05033,,,,,
NOMUSDT,2025-10-26,13:30,long,0.02392,,,,,
AIOUSDT,2025-10-26,13:30,short,0.1151,,,,,
BIDUSDT,2025-10-26,09:30,long,0.06053,,,,,
GRIFFAINUSDT,2025-10-26,09:30,long,0.0206,,,,,
ARCUSDT,2025-10-26,09:30,long,0.01401,,,,,
AVAAIUSDT,2025-10-26,09:30,long,0.01552,,,,,
UBUSDT,2025-10-26,09:30,long,0.064393,,,,,
AIXBTUSDT,2025-10-26,09:30,long,0.08564,,,,,
AGTUSDT,2025-10-26,05:30,long,0.004818,,,,,
XNYUSDT,2025-10-26,05:30,long,0.007052,,,,,
NAORISUSDT,2025-10-26,05:30,long,0.05549,,,,,
COAIUSDT,2025-10-26,05:30,short,7.028,,,,,
PIPPINUSDT,2025-10-26,05:30,long,0.03658,,,,,
IDOLUSDT,2025-10-26,01:30,short,0.03192,,,,,
AIOUSDT,2025-10-26,01:30,short,0.15535,,,,,
AVAAIUSDT,2025-10-26,01:30,long,0.01562,,,,,
BIDUSDT,2025-10-26,01:30,long,0.0622,,,,,
GRIFFAINUSDT,2025-10-26,01:30,long,0.02216,,,,,
UBUSDT,2025-10-26,01:30,long,0.065759,,,,,
AIXBTUSDT,2025-10-26,01:30,long,0.07896,,,,,
BIDUSDT,2025-10-25,09:30,long,0.05302,,,,,
TACUSDT,2025-10-25,09:30,long,0.0052,,,,,
FFUSDT,2025-10-25,09:30,long,0.1638,,,,,
PROVEUSDT,2025-10-25,09:30,long,0.9392,,,,,
RIVERUSDT,2025-10-25,09:30,short,7.662,,,,,
EVAAUSDT,2025-10-25,09:30,long,11.2234,,,,,
AIXBTUSDT,2025-10-25,05:30,long,0.06268,,,,,
AVNTUSDT,2025-10-25,05:30,long,0.7811,,,,,
PUMPBTCUSDT,2025-10-25,05:30,long,0.06537,,,,,
NAORISUSDT,2025-10-25,05:30,short,0.04465,,,,,
AIOUSDT,2025-10-25,01:30,long,0.19912,,,,,
PROVEUSDT,2025-10-25,01:30,long,0.993,,,,,
FFUSDT,2025-10-25,01:30,long,0.16657,,,,,
PIPPINUSDT,2025-10-25,01:30,long,0.02163,,,,,
RATSUSDT,2025-10-24,21:30,long,0.02947,,,,,
FARTCOINUSDT,2025-10-24,21:30,long,0.3653,,,,,
COAIUSDT,2025-10-24,21:30,long,16.179,,,,,
PUMPBTCUSDT,2025-10-24,21:30,long,0.05218,,,,,
TACUSDT,2025-10-24,21:30,long,0.00556,,,,,
NAORISUSDT,2025-10-24,21:30,short,0.04341,,,,,
AVNTUSDT,2025-10-24,21:30,long,0.809,,,,,
PROVEUSDT,2025-10-24,17:30,long,0.9904,,,,,
XPINUSDT,2025-10-24,17:30,long,0.008082,,,,,
PIPPINUSDT,2025-10-24,17:30,long,0.02532,,,,,
UBUSDT,2025-10-24,13:30,long,0.056835,,,,,
PUMPBTCUSDT,2025-10-24,13:30,long,0.0475,,,,,
LIGHTUSDT,2025-10-24,13:30,long,2.355,,,,,
AIAUSDT,2025-10-24,13:30,short,1.4042,,,,,
RIVERUSDT,2025-10-24,13:30,long,9.867,,,,,
COAIUSDT,2025-10-24,13:30,long,17.692,,,,,
AVNTUSDT,2025-10-24,13:30,long,0.7808,,,,,
FFUSDT,2025-10-24,13:30,long,0.1694,,,,,
TAGUSDT,2025-10-24,09:30,long,0.000433,,,,,
ARIAUSDT,2025-10-24,09:30,long,0.17999,,,,,
TRUTHUSDT,2025-10-24,09:30,long,0.016466,,,,,
PIPPINUSDT,2025-10-24,09:30,long,0.02124,,,,,
PROVEUSDT,2025-10-24,09:30,long,0.9338,,,,,
DOLOUSDT,2025-10-24,05:30,long,0.08593,,,,,
ARCUSDT,2025-10-24,05:30,long,0.01354,,,,,
IDOLUSDT,2025-10-24,05:30,long,0.03752,,,,,
LIGHTUSDT,2025-10-24,05:30,long,2.3002,,,,,
AIAUSDT,2025-10-24,05:30,short,1.307,,,,,
UBUSDT,2025-10-24,05:30,long,0.060344,,,,,
RIVERUSDT,2025-10-24,05:30,long,9.726,,,,,
XPINUSDT,2025-10-24,05:30,long,0.008596,,,,,
ARIAUSDT,2025-10-24,01:30,long,0.17937,,,,,
JELLYJELLYUSDT,2025-10-24,01:30,long,0.08166,,,,,
COAIUSDT,2025-10-24,01:30,long,16.357,,,,,
TAUSDT,2025-10-24,01:30,long,0.0516,,,,,
TAGUSDT,2025-10-24,01:30,long,0.000433,,,,,
PIPPINUSDT,2025-10-24,01:30,long,0.02128,,,,,
AVNTUSDT,2025-10-24,01:30,long,0.6447,,,,,
NAORISUSDT,2025-10-23,21:30,long,0.04855,,,,,
IDOLUSDT,2025-10-23,21:30,long,0.03848,,,,,
AIAUSDT,2025-10-23,21:30,short,1.317,,,,,
RIVERUSDT,2025-10-23,21:30,long,8.451,,,,,
UBUSDT,2025-10-23,21:30,long,0.047973,,,,,
AIOTUSDT,2025-10-23,21:30,long,0.4887,,,,,
XPINUSDT,2025-10-23,21:30,long,0.010118,,,,,
ARCUSDT,2025-10-23,17:30,short,0.01235,,,,,
TAGUSDT,2025-10-23,17:30,long,0.000402,,,,,
AVNTUSDT,2025-10-23,17:30,long,0.6591,,,,,
FFUSDT,2025-10-23,17:30,short,0.15107,,,,,
COAIUSDT,2025-10-23,17:30,long,16.805,,,,,
HANAUSDT,2025-10-23,17:30,short,0.05382,,,,,
TRUTHUSDT,2025-10-23,13:30,long,0.016718,,,,,
ARIAUSDT,2025-10-23,13:30,long,0.17329,,,,,
RIVERUSDT,2025-10-23,13:30,long,8.813,,,,,
PENGUUSDT,2025-10-23,13:30,short,0.020476,,,,,
XPINUSDT,2025-10-23,13:30,long,0.007865,,,,,
IDOLUSDT,2025-10-23,13:30,long,0.03889,,,,,
ARCUSDT,2025-10-23,09:30,short,0.01232,,,,,
BTRUSDT,2025-10-23,09:30,short,0.06919,,,,,
PROVEUSDT,2025-10-23,09:30,short,0.7988,,,,,
FFUSDT,2025-10-23,09:30,short,0.13538,,,,,
MOODENGUSDT,2025-10-23,09:30,short,0.10775,,,,,
COAIUSDT,2025-10-23,09:30,long,14.068,,,,,
EVAAUSDT,2025-10-23,09:30,long,7.9022,,,,,
HANAUSDT,2025-10-23,09:30,short,0.05024,,,,,
TRUTHUSDT,2025-10-23,05:30,long,0.016538,,,,,
FARTCOINUSDT,2025-10-23,05:30,short,0.3287,,,,,
DOLOUSDT,2025-10-23,05:30,short,0.07778,,,,,
XPINUSDT,2025-10-23,05:30,long,0.004993,,,,,
POPCATUSDT,2025-10-23,05:30,short,0.1425,,,,,
IDOLUSDT,2025-10-23,05:30,long,0.03841,,,,,
GOATUSDT,2025-10-23,05:30,short,0.05002,,,,,
ARIAUSDT,2025-10-23,05:30,long,0.17548,,,,,
SPXUSDT,2025-10-23,05:30,short,0.8936,,,,,
UBUSDT,2025-10-23,05:30,long,0.050165,,,,,
BONKUSDT,2025-10-23,05:30,short,0.013828,,,,,
XPLUSDT,2025-10-23,05:30,short,0.3429,,,,,
PENGUUSDT,2025-10-23,05:30,short,0.01993,,,,,
ARCUSDT,2025-10-23,01:30,short,0.0123,,,,,
MOODENGUSDT,2025-10-23,01:30,short,0.10787,,,,,
AVNTUSDT,2025-10-23,01:30,long,0.6309,,,,,
AIXBTUSDT,2025-10-23,01:30,short,0.05317,,,,,
HANAUSDT,2025-10-23,01:30,short,0.04664,,,,,
PROVEUSDT,2025-10-23,01:30,short,0.7705,,,,,
EVAAUSDT,2025-10-23,01:30,long,8.3899,,,,,
PARTIUSDT,2025-10-22,13:30,short,0.0822,,,,,
AIXBTUSDT,2025-10-22,13:30,short,0.05555,,,,,
NOMUSDT,2025-10-22,13:30,short,0.02061,,,,,
MOODENGUSDT,2025-10-22,13:30,short,0.10953,,,,,
PENGUUSDT,2025-10-22,13:30,short,0.021108,,,,,
XPINUSDT,2025-10-22,13:30,long,0.005397,,,,,
IDOLUSDT,2025-10-22,13:30,long,0.03251,,,,,
HANAUSDT,2025-10-22,13:30,long,0.06815,,,,,
XPINUSDT,2025-10-22,05:30,long,0.004454,,,,,
BTRUSDT,2025-10-22,05:30,long,0.07797,,,,,
SPXUSDT,2025-10-22,05:30,long,0.9888,,,,,
PROVEUSDT,2025-10-22,05:30,long,0.8143,,,,,
DOLOUSDT,2025-10-22,05:30,long,0.08019,,,,,
STBLUSDT,2025-10-22,05:30,long,0.11522,,,,,
MOODENGUSDT,2025-10-22,05:30,long,0.11052,,,,,
ZEREBROUSDT,2025-10-22,05:30,short,0.0306,,,,,
BONKUSDT,2025-10-22,05:30,long,0.014373,,,,,
UBUSDT,2025-10-22,05:30,long,0.047031,,,,,
MYXUSDT,2025-10-22,05:30,long,2.952,,,,,
NOMUSDT,2025-10-22,01:30,long,0.02291,,,,,
BANUSDT,2025-10-22,01:30,long,0.07155,,,,,
IDOLUSDT,2025-10-22,01:30,long,0.033,,,,,
PARTIUSDT,2025-10-22,01:30,long,0.0884,,,,,
FFUSDT,2025-10-22,01:30,long,0.16046,,,,,
TRUTHUSDT,2025-10-22,01:30,long,0.015656,,,,,
AIOTUSDT,2025-10-22,01:30,long,0.5358,,,,,
SOONUSDT,2025-10-22,01:30,short,0.6799,,,,,
USELESSUSDT,2025-10-22,01:30,long,0.3445,,,,,
EVAAUSDT,2025-10-22,01:30,long,4.745,,,,,
AIAUSDT,2025-10-22,01:30,long,3.1994,,,,,
LIGHTUSDT,2025-10-22,01:30,long,1.7298,,,,,
JELLYJELLYUSDT,2025-10-22,01:30,long,0.08158,,,,,
AVNTUSDT,2025-10-22,01:30,long,0.6642,,,,,
BTRUSDT,2025-10-21,21:30,long,0.08151,,,,,
UBUSDT,2025-10-21,21:30,long,0.041542,,,,,
ARCUSDT,2025-10-21,21:30,long,0.01413,,,,,
ZORAUSDT,2025-10-21,21:30,long,0.10983,,,,,
BANUSDT,2025-10-21,17:30,long,0.07043,,,,,
TRUUSDT,2025-10-21,17:30,short,0.01981,,,,,
IDOLUSDT,2025-10-21,17:30,long,0.03196,,,,,
NOMUSDT,2025-10-21,17:30,long,0.02188,,,,,
FFUSDT,2025-10-21,17:30,long,0.14708,,,,,
LIGHTUSDT,2025-10-21,17:30,long,2.1674,,,,,
AIAUSDT,2025-10-21,17:30,long,1.3858,,,,,
